"","Major_category","col_bin","median_bin","low_bin"
"1","Engineering","(0.601,0.676]","(1.01e+05,1.1e+05]","(0.0602,0.0903]"
"2","Engineering","(0.451,0.526]","(7.48e+04,8.36e+04]","(0.0602,0.0903]"
"3","Engineering","(0.526,0.601]","(6.6e+04,7.48e+04]","(-0.000301,0.0301]"
"4","Engineering","(0.376,0.451]","(6.6e+04,7.48e+04]","(-0.000301,0.0301]"
"5","Engineering","(0.526,0.601]","(5.72e+04,6.6e+04]","(0.0301,0.0602]"
"6","Engineering","(0.376,0.451]","(5.72e+04,6.6e+04]","(0.0903,0.12]"
"7","Business","(0.451,0.526]","(5.72e+04,6.6e+04]","(0.0602,0.0903]"
"8","Physical Sciences","(0.526,0.601]","(5.72e+04,6.6e+04]","(0.12,0.15]"
"9","Engineering","(0.526,0.601]","(5.72e+04,6.6e+04]","(0.0301,0.0602]"
"10","Engineering","(0.526,0.601]","(5.72e+04,6.6e+04]","(0.0301,0.0602]"
"11","Engineering","(0.526,0.601]","(5.72e+04,6.6e+04]","(-0.000301,0.0301]"
"12","Engineering","(0.526,0.601]","(5.72e+04,6.6e+04]","(-0.000301,0.0301]"
"13","Engineering","(0.376,0.451]","(5.72e+04,6.6e+04]","(0.0301,0.0602]"
"14","Engineering","(0.601,0.676]","(5.72e+04,6.6e+04]","(-0.000301,0.0301]"
"15","Engineering","(0.526,0.601]","(5.72e+04,6.6e+04]","(0.0602,0.0903]"
"16","Engineering","(0.376,0.451]","(4.84e+04,5.72e+04]","(0.0301,0.0602]"
"17","Engineering","(0.376,0.451]","(4.84e+04,5.72e+04]","(0.0301,0.0602]"
"18","Engineering","(0.376,0.451]","(4.84e+04,5.72e+04]","(0.0301,0.0602]"
"19","Engineering","(0.526,0.601]","(4.84e+04,5.72e+04]","(0.0301,0.0602]"
"20","Law & Public Policy","(0.301,0.376]","(4.84e+04,5.72e+04]","(0.12,0.15]"
"21","Computers & Mathematics","(0.526,0.601]","(4.84e+04,5.72e+04]","(0.0301,0.0602]"
"22","Agriculture & Natural Resources","(0.225,0.301]","(4.84e+04,5.72e+04]","(0.0903,0.12]"
"23","Engineering","(0.376,0.451]","(4.84e+04,5.72e+04]","(0.0301,0.0602]"
"24","Engineering","(0.601,0.676]","(4.84e+04,5.72e+04]","(-0.000301,0.0301]"
"25","Business","(0.301,0.376]","(4.84e+04,5.72e+04]","(0.0301,0.0602]"
"26","Engineering","(0.526,0.601]","(4.84e+04,5.72e+04]","(0.0301,0.0602]"
"27","Industrial Arts & Consumer Services","(0.15,0.225]","(4.84e+04,5.72e+04]","(0.0301,0.0602]"
"28","Business","(0.0751,0.15]","(4.84e+04,5.72e+04]","(-0.000301,0.0301]"
"29","Engineering","(0.376,0.451]","(4.84e+04,5.72e+04]","(0.0301,0.0602]"
"30","Law & Public Policy","(0.225,0.301]","(4.84e+04,5.72e+04]","(0.0301,0.0602]"
"31","Engineering","(0.451,0.526]","(4.84e+04,5.72e+04]","(0.0602,0.0903]"
"32","Engineering","(0.225,0.301]","(4.84e+04,5.72e+04]","(0.0301,0.0602]"
"33","Arts","(0.15,0.225]","(4.84e+04,5.72e+04]","(0.211,0.241]"
"34","Engineering","(0.676,0.752]","(4.84e+04,5.72e+04]","(0.0602,0.0903]"
"35","Health","(0.676,0.752]","(3.96e+04,4.84e+04]","(-0.000301,0.0301]"
"36","Business","(0.0751,0.15]","(3.96e+04,4.84e+04]","(0.0301,0.0602]"
"37","Social Science","(0.15,0.225]","(3.96e+04,4.84e+04]","(0.0602,0.0903]"
"38","Business","(0.0751,0.15]","(3.96e+04,4.84e+04]","(0.0903,0.12]"
"39","Engineering","(0.301,0.376]","(3.96e+04,4.84e+04]","(0.0903,0.12]"
"40","Physical Sciences","(0.0751,0.15]","(3.96e+04,4.84e+04]","(0.0301,0.0602]"
"41","Business","(-0.000751,0.0751]","(3.96e+04,4.84e+04]","(0.0301,0.0602]"
"42","Computers & Mathematics","(0.451,0.526]","(3.96e+04,4.84e+04]","(0.0602,0.0903]"
"43","Computers & Mathematics","(0.301,0.376]","(3.96e+04,4.84e+04]","(0.0301,0.0602]"
"44","Physical Sciences","(0.526,0.601]","(3.96e+04,4.84e+04]","(0.0301,0.0602]"
"45","Health","(0.301,0.376]","(3.96e+04,4.84e+04]","(0.0602,0.0903]"
"46","Computers & Mathematics","(0.301,0.376]","(3.96e+04,4.84e+04]","(0.0301,0.0602]"
"47","Computers & Mathematics","(0.301,0.376]","(3.96e+04,4.84e+04]","(0.0301,0.0602]"
"48","Computers & Mathematics","(0.451,0.526]","(3.96e+04,4.84e+04]","(0.0602,0.0903]"
"49","Biology & Life Science","(0.301,0.376]","(3.96e+04,4.84e+04]","(0.0301,0.0602]"
"50","Physical Sciences","(0.15,0.225]","(3.96e+04,4.84e+04]","(0.0602,0.0903]"
"51","Engineering","(0.15,0.225]","(3.96e+04,4.84e+04]","(0.0602,0.0903]"
"52","Health","(0.15,0.225]","(3.96e+04,4.84e+04]","(0.0903,0.12]"
"53","Computers & Mathematics","(0.676,0.752]","(3.96e+04,4.84e+04]","(0.0301,0.0602]"
"54","Computers & Mathematics","(0.451,0.526]","(3.96e+04,4.84e+04]","(0.0602,0.0903]"
"55","Biology & Life Science","(0.301,0.376]","(3.96e+04,4.84e+04]","(0.0301,0.0602]"
"56","Education","(0.601,0.676]","(3.96e+04,4.84e+04]","(-0.000301,0.0301]"
"57","Social Science","(0.225,0.301]","(3.96e+04,4.84e+04]","(0.0602,0.0903]"
"58","Business","(0.0751,0.15]","(3.96e+04,4.84e+04]","(0.0903,0.12]"
"59","Engineering","(0.301,0.376]","(3.96e+04,4.84e+04]","(0.0903,0.12]"
"60","Business","(0.0751,0.15]","(3.96e+04,4.84e+04]","(0.0903,0.12]"
"61","Health","(0.451,0.526]","(3.96e+04,4.84e+04]","(0.0301,0.0602]"
"62","Biology & Life Science","(0.376,0.451]","(3.96e+04,4.84e+04]","(0.0602,0.0903]"
"63","Business","(0.0751,0.15]","(3.96e+04,4.84e+04]","(0.0903,0.12]"
"64","Agriculture & Natural Resources","(0.0751,0.15]","(3.96e+04,4.84e+04]","(0.0903,0.12]"
"65","Agriculture & Natural Resources","(0.225,0.301]","(3.96e+04,4.84e+04]","(0.0602,0.0903]"
"66","Engineering","(0.225,0.301]","(3.96e+04,4.84e+04]","(0.0301,0.0602]"
"67","Engineering","(0.376,0.451]","(3.96e+04,4.84e+04]","(0.0602,0.0903]"
"68","Biology & Life Science","(0.451,0.526]","(3.96e+04,4.84e+04]","(0.0301,0.0602]"
"69","Social Science","(0.225,0.301]","(3.96e+04,4.84e+04]","(0.15,0.181]"
"70","Humanities & Liberal Arts","(0.225,0.301]","(3.96e+04,4.84e+04]","(0.0903,0.12]"
"71","Psychology & Social Work","(0.15,0.225]","(3.96e+04,4.84e+04]","(0.0602,0.0903]"
"72","Agriculture & Natural Resources","(0.15,0.225]","(3.96e+04,4.84e+04]","(0.0301,0.0602]"
"73","Physical Sciences","(0.301,0.376]","(3.96e+04,4.84e+04]","(0.181,0.211]"
"74","Industrial Arts & Consumer Services","(-0.000751,0.0751]","(3.96e+04,4.84e+04]","(-0.000301,0.0301]"
"75","Physical Sciences","(0.451,0.526]","(3.08e+04,3.96e+04]","(0.0602,0.0903]"
"76","Industrial Arts & Consumer Services","(0.0751,0.15]","(3.08e+04,3.96e+04]","(0.0301,0.0602]"
"77","Business","(0.0751,0.15]","(3.08e+04,3.96e+04]","(0.0903,0.12]"
"78","Business","(0.0751,0.15]","(3.08e+04,3.96e+04]","(0.12,0.15]"
"79","Social Science","(0.15,0.225]","(3.08e+04,3.96e+04]","(0.0903,0.12]"
"80","Social Science","(0.225,0.301]","(3.08e+04,3.96e+04]","(0.0903,0.12]"
"81","Biology & Life Science","(0.301,0.376]","(3.08e+04,3.96e+04]","(0.0602,0.0903]"
"82","Computers & Mathematics","(0.225,0.301]","(3.08e+04,3.96e+04]","(0.0301,0.0602]"
"83","Biology & Life Science","(0.376,0.451]","(3.08e+04,3.96e+04]","(0.0602,0.0903]"
"84","Biology & Life Science","(0.451,0.526]","(3.08e+04,3.96e+04]","(0.0301,0.0602]"
"85","Computers & Mathematics","(0.301,0.376]","(3.08e+04,3.96e+04]","(0.0301,0.0602]"
"86","Physical Sciences","(0.376,0.451]","(3.08e+04,3.96e+04]","(0.0602,0.0903]"
"87","Business","(0.0751,0.15]","(3.08e+04,3.96e+04]","(0.0602,0.0903]"
"88","Law & Public Policy","(0.0751,0.15]","(3.08e+04,3.96e+04]","(0.0903,0.12]"
"89","Health","(0.376,0.451]","(3.08e+04,3.96e+04]","(0.0903,0.12]"
"90","Law & Public Policy","(0.15,0.225]","(3.08e+04,3.96e+04]","(0.0602,0.0903]"
"91","Physical Sciences","(0.376,0.451]","(3.08e+04,3.96e+04]","(0.0903,0.12]"
"92","Psychology & Social Work","(0.301,0.376]","(3.08e+04,3.96e+04]","(-0.000301,0.0301]"
"93","Biology & Life Science","(0.301,0.376]","(3.08e+04,3.96e+04]","(0.12,0.15]"
"94","Communications & Journalism","(0.15,0.225]","(3.08e+04,3.96e+04]","(0.12,0.15]"
"95","Law & Public Policy","(0.15,0.225]","(3.08e+04,3.96e+04]","(0.12,0.15]"
"96","Arts","(0.301,0.376]","(3.08e+04,3.96e+04]","(0.12,0.15]"
"97","Communications & Journalism","(0.301,0.376]","(3.08e+04,3.96e+04]","(0.0903,0.12]"
"98","Physical Sciences","(0.225,0.301]","(3.08e+04,3.96e+04]","(0.0903,0.12]"
"99","Communications & Journalism","(0.15,0.225]","(3.08e+04,3.96e+04]","(0.12,0.15]"
"100","Humanities & Liberal Arts","(0.225,0.301]","(3.08e+04,3.96e+04]","(0.0903,0.12]"
"101","Education","(0.676,0.752]","(3.08e+04,3.96e+04]","(0.0301,0.0602]"
"102","Biology & Life Science","(0.225,0.301]","(3.08e+04,3.96e+04]","(0.0903,0.12]"
"103","Social Science","(0.15,0.225]","(3.08e+04,3.96e+04]","(0.0903,0.12]"
"104","Health","(0.301,0.376]","(3.08e+04,3.96e+04]","(0.12,0.15]"
"105","Health","(0.0751,0.15]","(3.08e+04,3.96e+04]","(0.0602,0.0903]"
"106","Computers & Mathematics","(0.225,0.301]","(3.08e+04,3.96e+04]","(0.12,0.15]"
"107","Industrial Arts & Consumer Services","(0.301,0.376]","(3.08e+04,3.96e+04]","(0.0301,0.0602]"
"108","Agriculture & Natural Resources","(0.301,0.376]","(3.08e+04,3.96e+04]","(0.0903,0.12]"
"109","Biology & Life Science","(0.376,0.451]","(3.08e+04,3.96e+04]","(0.0602,0.0903]"
"110","Interdisciplinary","(0.376,0.451]","(3.08e+04,3.96e+04]","(0.0602,0.0903]"
"111","Physical Sciences","(0.376,0.451]","(3.08e+04,3.96e+04]","(0.0301,0.0602]"
"112","Agriculture & Natural Resources","(0.301,0.376]","(3.08e+04,3.96e+04]","(0.0903,0.12]"
"113","Agriculture & Natural Resources","(0.451,0.526]","(3.08e+04,3.96e+04]","(-0.000301,0.0301]"
"114","Education","(0.526,0.601]","(3.08e+04,3.96e+04]","(0.0602,0.0903]"
"115","Humanities & Liberal Arts","(0.225,0.301]","(3.08e+04,3.96e+04]","(0.0903,0.12]"
"116","Humanities & Liberal Arts","(0.301,0.376]","(3.08e+04,3.96e+04]","(0.0903,0.12]"
"117","Humanities & Liberal Arts","(0.15,0.225]","(3.08e+04,3.96e+04]","(0.12,0.15]"
"118","Education","(0.526,0.601]","(3.08e+04,3.96e+04]","(0.0602,0.0903]"
"119","Health","(0.225,0.301]","(3.08e+04,3.96e+04]","(0.0903,0.12]"
"120","Education","(0.676,0.752]","(3.08e+04,3.96e+04]","(0.0301,0.0602]"
"121","Education","(0.376,0.451]","(3.08e+04,3.96e+04]","(0.12,0.15]"
"122","Health","(0.225,0.301]","(3.08e+04,3.96e+04]","(0.0903,0.12]"
"123","Biology & Life Science","(0.376,0.451]","(3.08e+04,3.96e+04]","(0.0301,0.0602]"
"124","Biology & Life Science","(0.301,0.376]","(3.08e+04,3.96e+04]","(0.0903,0.12]"
"125","Social Science","(0.225,0.301]","(3.08e+04,3.96e+04]","(0.0903,0.12]"
"126","Communications & Journalism","(0.225,0.301]","(3.08e+04,3.96e+04]","(0.12,0.15]"
"127","Health","(0.451,0.526]","(3.08e+04,3.96e+04]","(0.0903,0.12]"
"128","Business","(-0.000751,0.0751]","(3.08e+04,3.96e+04]","(0.181,0.211]"
"129","Education","(0.526,0.601]","(3.08e+04,3.96e+04]","(0.0903,0.12]"
"130","Humanities & Liberal Arts","(0.225,0.301]","(3.08e+04,3.96e+04]","(0.12,0.15]"
"131","Education","(0.451,0.526]","(3.08e+04,3.96e+04]","(0.0602,0.0903]"
"132","Social Science","(0.225,0.301]","(3.08e+04,3.96e+04]","(0.12,0.15]"
"133","Biology & Life Science","(0.301,0.376]","(3.08e+04,3.96e+04]","(0.0903,0.12]"
"134","Education","(0.601,0.676]","(3.08e+04,3.96e+04]","(0.0602,0.0903]"
"135","Health","(0.225,0.301]","(3.08e+04,3.96e+04]","(0.0903,0.12]"
"136","Humanities & Liberal Arts","(0.225,0.301]","(3.08e+04,3.96e+04]","(0.12,0.15]"
"137","Education","(0.601,0.676]","(3.08e+04,3.96e+04]","(0.0602,0.0903]"
"138","Humanities & Liberal Arts","(0.225,0.301]","(3.08e+04,3.96e+04]","(0.12,0.15]"
"139","Education","(0.601,0.676]","(3.08e+04,3.96e+04]","(0.0602,0.0903]"
"140","Industrial Arts & Consumer Services","(0.15,0.225]","(3.08e+04,3.96e+04]","(0.12,0.15]"
"141","Humanities & Liberal Arts","(0.225,0.301]","(3.08e+04,3.96e+04]","(0.12,0.15]"
"142","Arts","(0.15,0.225]","(3.08e+04,3.96e+04]","(0.15,0.181]"
"143","Social Science","(0.225,0.301]","(3.08e+04,3.96e+04]","(0.12,0.15]"
"144","Agriculture & Natural Resources","(0.225,0.301]","(3.08e+04,3.96e+04]","(0.15,0.181]"
"145","Education","(0.601,0.676]","(3.08e+04,3.96e+04]","(0.0903,0.12]"
"146","Psychology & Social Work","(0.301,0.376]","(3.08e+04,3.96e+04]","(0.12,0.15]"
"147","Arts","(0.225,0.301]","(3.08e+04,3.96e+04]","(0.15,0.181]"
"148","Education","(0.451,0.526]","(3.08e+04,3.96e+04]","(0.0602,0.0903]"
"149","Humanities & Liberal Arts","(0.225,0.301]","(3.08e+04,3.96e+04]","(0.15,0.181]"
"150","Arts","(0.225,0.301]","(2.19e+04,3.08e+04]","(0.15,0.181]"
"151","Industrial Arts & Consumer Services","(0.301,0.376]","(2.19e+04,3.08e+04]","(0.0903,0.12]"
"152","Psychology & Social Work","(0.451,0.526]","(2.19e+04,3.08e+04]","(0.0602,0.0903]"
"153","Agriculture & Natural Resources","(0.225,0.301]","(2.19e+04,3.08e+04]","(0.0903,0.12]"
"154","Arts","(0.225,0.301]","(2.19e+04,3.08e+04]","(0.15,0.181]"
"155","Education","(0.676,0.752]","(2.19e+04,3.08e+04]","(0.0301,0.0602]"
"156","Psychology & Social Work","(0.301,0.376]","(2.19e+04,3.08e+04]","(0.15,0.181]"
"157","Psychology & Social Work","(0.301,0.376]","(2.19e+04,3.08e+04]","(0.0602,0.0903]"
"158","Humanities & Liberal Arts","(0.15,0.225]","(2.19e+04,3.08e+04]","(0.15,0.181]"
"159","Humanities & Liberal Arts","(0.301,0.376]","(2.19e+04,3.08e+04]","(0.0903,0.12]"
"160","Arts","(0.225,0.301]","(2.19e+04,3.08e+04]","(0.211,0.241]"
"161","Industrial Arts & Consumer Services","(-0.000751,0.0751]","(2.19e+04,3.08e+04]","(0.271,0.301]"
"162","Agriculture & Natural Resources","(0.301,0.376]","(2.19e+04,3.08e+04]","(-0.000301,0.0301]"
"163","Humanities & Liberal Arts","(0.225,0.301]","(2.19e+04,3.08e+04]","(0.15,0.181]"
"164","Health","(0.451,0.526]","(2.19e+04,3.08e+04]","(0.12,0.15]"
"165","Education","(0.601,0.676]","(2.19e+04,3.08e+04]","(0.0602,0.0903]"
"166","Humanities & Liberal Arts","(0.15,0.225]","(2.19e+04,3.08e+04]","(0.0903,0.12]"
"167","Arts","(0.15,0.225]","(2.19e+04,3.08e+04]","(0.241,0.271]"
"168","Humanities & Liberal Arts","(0.225,0.301]","(2.19e+04,3.08e+04]","(0.181,0.211]"
"169","Biology & Life Science","(0.301,0.376]","(2.19e+04,3.08e+04]","(0.0602,0.0903]"
"170","Psychology & Social Work","(0.451,0.526]","(2.19e+04,3.08e+04]","(-0.000301,0.0301]"
"171","Psychology & Social Work","(0.301,0.376]","(2.19e+04,3.08e+04]","(0.211,0.241]"
"172","Psychology & Social Work","(0.451,0.526]","(2.19e+04,3.08e+04]","(0.0602,0.0903]"
"173","Education","(0.225,0.301]","(2.19e+04,3.08e+04]","(0.15,0.181]"
