Rank,Major,Major_category,Total,Sample_size,Men,Women,ShareWomen,Full_time_year_round,Median,P25th,P75th,College_jobs,Non_college_jobs,Low_wage_jobs,College_jobs_binned,Non_college_jobs_binned,Median_binned,Total_binned,Sample_size_binned,Men_binned,Women_binned,ShareWomen_binned,Full_time_year_round_binned,P25th_binned,P75th_binned,Low_wage_jobs_binned
1,PETROLEUM ENGINEERING,Engineering,2339,36,2057,282,0.120564344,1207,110000,95000,125000,1534,364,193,"(0,1.67e+03]","(-148,1.48e+04]","(1.01e+05,1.1e+05]","(-270,3.95e+04]","(-2.21,423]","(-54.7,1.75e+04]","(-307,3.07e+04]","(0.0969,0.194]","(-88.8,2.01e+04]","(8.74e+04,9.51e+04]","(1.15e+05,1.25e+05]","(-48.2,4.82e+03]"
2,MINING AND MINERAL ENGINEERING,Engineering,756,7,679,77,0.101851852,388,75000,55000,90000,350,257,50,"(0,1.67e+03]","(-148,1.48e+04]","(7.48e+04,8.36e+04]","(-270,3.95e+04]","(-2.21,423]","(-54.7,1.75e+04]","(-307,3.07e+04]","(0.0969,0.194]","(-88.8,2.01e+04]","(4.91e+04,5.68e+04]","(8.38e+04,9.41e+04]","(-48.2,4.82e+03]"
3,METALLURGICAL ENGINEERING,Engineering,856,3,725,131,0.153037383,340,73000,50000,105000,456,176,0,"(0,1.67e+03]","(-148,1.48e+04]","(6.6e+04,7.48e+04]","(-270,3.95e+04]","(-2.21,423]","(-54.7,1.75e+04]","(-307,3.07e+04]","(0.0969,0.194]","(-88.8,2.01e+04]","(4.91e+04,5.68e+04]","(1.04e+05,1.15e+05]","(-48.2,4.82e+03]"
4,NAVAL ARCHITECTURE AND MARINE ENGINEERING,Engineering,1258,16,1123,135,0.107313196,692,70000,43000,80000,529,102,0,"(0,1.67e+03]","(-148,1.48e+04]","(6.6e+04,7.48e+04]","(-270,3.95e+04]","(-2.21,423]","(-54.7,1.75e+04]","(-307,3.07e+04]","(0.0969,0.194]","(-88.8,2.01e+04]","(4.14e+04,4.91e+04]","(7.35e+04,8.38e+04]","(-48.2,4.82e+03]"
5,CHEMICAL ENGINEERING,Engineering,32260,289,21239,11021,0.341630502,16697,65000,50000,75000,18314,4440,972,"(1.5e+04,1.52e+05]","(-148,1.48e+04]","(5.72e+04,6.6e+04]","(-270,3.95e+04]","(-2.21,423]","(1.75e+04,3.49e+04]","(-307,3.07e+04]","(0.291,0.388]","(-88.8,2.01e+04]","(4.91e+04,5.68e+04]","(7.35e+04,8.38e+04]","(-48.2,4.82e+03]"
6,NUCLEAR ENGINEERING,Engineering,2573,17,2200,373,0.144966965,1449,65000,50000,102000,1142,657,244,"(0,1.67e+03]","(-148,1.48e+04]","(5.72e+04,6.6e+04]","(-270,3.95e+04]","(-2.21,423]","(-54.7,1.75e+04]","(-307,3.07e+04]","(0.0969,0.194]","(-88.8,2.01e+04]","(4.91e+04,5.68e+04]","(9.41e+04,1.04e+05]","(-48.2,4.82e+03]"
7,ACTUARIAL SCIENCE,Business,3777,51,832,960,0.535714286,2482,62000,53000,72000,1768,314,259,"(1.67e+03,3.33e+03]","(-148,1.48e+04]","(5.72e+04,6.6e+04]","(-270,3.95e+04]","(-2.21,423]","(-54.7,1.75e+04]","(-307,3.07e+04]","(0.484,0.581]","(-88.8,2.01e+04]","(4.91e+04,5.68e+04]","(6.32e+04,7.35e+04]","(-48.2,4.82e+03]"
8,ASTRONOMY AND ASTROPHYSICS,Physical Sciences,1792,10,2110,1667,0.441355573,827,62000,31500,109000,972,500,220,"(0,1.67e+03]","(-148,1.48e+04]","(5.72e+04,6.6e+04]","(-270,3.95e+04]","(-2.21,423]","(-54.7,1.75e+04]","(-307,3.07e+04]","(0.388,0.484]","(-88.8,2.01e+04]","(2.62e+04,3.38e+04]","(1.04e+05,1.15e+05]","(-48.2,4.82e+03]"
9,MECHANICAL ENGINEERING,Engineering,91227,1029,12953,2105,0.139792801,54639,60000,48000,70000,52844,16384,3253,"(1.5e+04,1.52e+05]","(1.48e+04,2.97e+04]","(5.72e+04,6.6e+04]","(7.88e+04,1.18e+05]","(844,1.26e+03]","(-54.7,1.75e+04]","(-307,3.07e+04]","(0.0969,0.194]","(4.01e+04,6e+04]","(4.14e+04,4.91e+04]","(6.32e+04,7.35e+04]","(-48.2,4.82e+03]"
10,ELECTRICAL ENGINEERING,Engineering,81527,631,8407,6548,0.437846874,41413,60000,45000,72000,45829,10874,3170,"(1.5e+04,1.52e+05]","(-148,1.48e+04]","(5.72e+04,6.6e+04]","(7.88e+04,1.18e+05]","(423,844]","(-54.7,1.75e+04]","(-307,3.07e+04]","(0.388,0.484]","(4.01e+04,6e+04]","(4.14e+04,4.91e+04]","(6.32e+04,7.35e+04]","(-48.2,4.82e+03]"
11,COMPUTER ENGINEERING,Engineering,41542,399,33258,8284,0.199412643,23621,60000,45000,75000,23694,5721,980,"(1.5e+04,1.52e+05]","(-148,1.48e+04]","(5.72e+04,6.6e+04]","(3.95e+04,7.88e+04]","(-2.21,423]","(1.75e+04,3.49e+04]","(-307,3.07e+04]","(0.194,0.291]","(2.01e+04,4.01e+04]","(4.14e+04,4.91e+04]","(7.35e+04,8.38e+04]","(-48.2,4.82e+03]"
12,AEROSPACE ENGINEERING,Engineering,15058,147,65511,16016,0.196450256,8790,60000,42000,70000,8184,2425,372,"(6.67e+03,8.33e+03]","(-148,1.48e+04]","(5.72e+04,6.6e+04]","(-270,3.95e+04]","(-2.21,423]","(5.22e+04,6.96e+04]","(-307,3.07e+04]","(0.194,0.291]","(-88.8,2.01e+04]","(4.14e+04,4.91e+04]","(6.32e+04,7.35e+04]","(-48.2,4.82e+03]"
13,BIOMEDICAL ENGINEERING,Engineering,14955,79,80320,10907,0.119558903,5986,60000,36000,70000,6439,2471,789,"(5e+03,6.67e+03]","(-148,1.48e+04]","(5.72e+04,6.6e+04]","(-270,3.95e+04]","(-2.21,423]","(6.96e+04,8.7e+04]","(-307,3.07e+04]","(0.0969,0.194]","(-88.8,2.01e+04]","(3.38e+04,4.14e+04]","(6.32e+04,7.35e+04]","(-48.2,4.82e+03]"
14,MATERIALS SCIENCE,Engineering,4279,22,2949,1330,0.310820285,1967,60000,39000,65000,2626,391,81,"(1.67e+03,3.33e+03]","(-148,1.48e+04]","(5.72e+04,6.6e+04]","(-270,3.95e+04]","(-2.21,423]","(-54.7,1.75e+04]","(-307,3.07e+04]","(0.291,0.388]","(-88.8,2.01e+04]","(3.38e+04,4.14e+04]","(6.32e+04,7.35e+04]","(-48.2,4.82e+03]"
15,ENGINEERING MECHANICS PHYSICS AND SCIENCE,Engineering,4321,30,3526,795,0.183985189,2004,58000,25000,74000,2439,947,263,"(1.67e+03,3.33e+03]","(-148,1.48e+04]","(5.72e+04,6.6e+04]","(-270,3.95e+04]","(-2.21,423]","(-54.7,1.75e+04]","(-307,3.07e+04]","(0.0969,0.194]","(-88.8,2.01e+04]","(1.84e+04,2.62e+04]","(7.35e+04,8.38e+04]","(-48.2,4.82e+03]"
16,BIOLOGICAL ENGINEERING,Engineering,8925,55,6062,2863,0.320784314,3413,57100,40000,76000,3603,1595,524,"(3.33e+03,5e+03]","(-148,1.48e+04]","(4.84e+04,5.72e+04]","(-270,3.95e+04]","(-2.21,423]","(-54.7,1.75e+04]","(-307,3.07e+04]","(0.291,0.388]","(-88.8,2.01e+04]","(3.38e+04,4.14e+04]","(7.35e+04,8.38e+04]","(-48.2,4.82e+03]"
17,INDUSTRIAL AND MANUFACTURING ENGINEERING,Engineering,18968,183,12453,6515,0.343473218,11326,57000,37900,67000,8306,3235,640,"(6.67e+03,8.33e+03]","(-148,1.48e+04]","(4.84e+04,5.72e+04]","(-270,3.95e+04]","(-2.21,423]","(-54.7,1.75e+04]","(-307,3.07e+04]","(0.291,0.388]","(-88.8,2.01e+04]","(3.38e+04,4.14e+04]","(6.32e+04,7.35e+04]","(-48.2,4.82e+03]"
18,GENERAL ENGINEERING,Engineering,61152,425,45683,15469,0.252959838,33540,56000,36000,69000,26898,11734,3192,"(1.5e+04,1.52e+05]","(-148,1.48e+04]","(4.84e+04,5.72e+04]","(3.95e+04,7.88e+04]","(423,844]","(3.49e+04,5.22e+04]","(-307,3.07e+04]","(0.194,0.291]","(2.01e+04,4.01e+04]","(3.38e+04,4.14e+04]","(6.32e+04,7.35e+04]","(-48.2,4.82e+03]"
19,ARCHITECTURAL ENGINEERING,Engineering,2825,26,1835,990,0.350442478,1848,54000,38000,65000,1665,649,137,"(0,1.67e+03]","(-148,1.48e+04]","(4.84e+04,5.72e+04]","(-270,3.95e+04]","(-2.21,423]","(-54.7,1.75e+04]","(-307,3.07e+04]","(0.291,0.388]","(-88.8,2.01e+04]","(3.38e+04,4.14e+04]","(6.32e+04,7.35e+04]","(-48.2,4.82e+03]"
20,COURT REPORTING,Law & Public Policy,1148,14,877,271,0.236062718,808,54000,50000,54000,402,528,144,"(0,1.67e+03]","(-148,1.48e+04]","(4.84e+04,5.72e+04]","(-270,3.95e+04]","(-2.21,423]","(-54.7,1.75e+04]","(-307,3.07e+04]","(0.194,0.291]","(-88.8,2.01e+04]","(4.91e+04,5.68e+04]","(5.29e+04,6.32e+04]","(-48.2,4.82e+03]"
21,COMPUTER SCIENCE,Computers & Mathematics,128319,1196,1837,2524,0.578766338,70932,53000,39000,70000,68622,25667,5144,"(1.5e+04,1.52e+05]","(1.48e+04,2.97e+04]","(4.84e+04,5.72e+04]","(1.18e+05,1.58e+05]","(844,1.26e+03]","(-54.7,1.75e+04]","(-307,3.07e+04]","(0.484,0.581]","(6e+04,8e+04]","(3.38e+04,4.14e+04]","(6.32e+04,7.35e+04]","(4.82e+03,9.64e+03]"
22,FOOD SCIENCE,Agriculture & Natural Resources,4361,36,99743,28576,0.222695002,1735,53000,32000,70000,1183,1274,485,"(0,1.67e+03]","(-148,1.48e+04]","(4.84e+04,5.72e+04]","(-270,3.95e+04]","(-2.21,423]","(8.7e+04,1.04e+05]","(-307,3.07e+04]","(0.194,0.291]","(-88.8,2.01e+04]","(2.62e+04,3.38e+04]","(6.32e+04,7.35e+04]","(-48.2,4.82e+03]"
23,ELECTRICAL ENGINEERING TECHNOLOGY,Engineering,11565,97,2020,973,0.325091881,5681,52000,35000,60000,5126,2686,696,"(5e+03,6.67e+03]","(-148,1.48e+04]","(4.84e+04,5.72e+04]","(-270,3.95e+04]","(-2.21,423]","(-54.7,1.75e+04]","(-307,3.07e+04]","(0.291,0.388]","(-88.8,2.01e+04]","(3.38e+04,4.14e+04]","(5.29e+04,6.32e+04]","(-48.2,4.82e+03]"
24,MATERIALS ENGINEERING AND MATERIALS SCIENCE,Engineering,2993,22,8181,3384,0.292607004,1151,52000,35000,62000,1911,305,70,"(1.67e+03,3.33e+03]","(-148,1.48e+04]","(4.84e+04,5.72e+04]","(-270,3.95e+04]","(-2.21,423]","(-54.7,1.75e+04]","(-307,3.07e+04]","(0.291,0.388]","(-88.8,2.01e+04]","(3.38e+04,4.14e+04]","(5.29e+04,6.32e+04]","(-48.2,4.82e+03]"
25,MANAGEMENT INFORMATION SYSTEMS AND STATISTICS,Business,18713,278,13496,5217,0.278790146,13017,51000,38000,60000,6342,5741,708,"(5e+03,6.67e+03]","(-148,1.48e+04]","(4.84e+04,5.72e+04]","(-270,3.95e+04]","(-2.21,423]","(-54.7,1.75e+04]","(-307,3.07e+04]","(0.194,0.291]","(-88.8,2.01e+04]","(3.38e+04,4.14e+04]","(5.29e+04,6.32e+04]","(-48.2,4.82e+03]"
26,CIVIL ENGINEERING,Engineering,53153,565,41081,12072,0.227117943,29196,50000,40000,60000,28526,9356,2899,"(1.5e+04,1.52e+05]","(-148,1.48e+04]","(4.84e+04,5.72e+04]","(3.95e+04,7.88e+04]","(423,844]","(3.49e+04,5.22e+04]","(-307,3.07e+04]","(0.194,0.291]","(2.01e+04,4.01e+04]","(3.38e+04,4.14e+04]","(5.29e+04,6.32e+04]","(-48.2,4.82e+03]"
27,CONSTRUCTION SERVICES,Industrial Arts & Consumer Services,18498,295,2662,1385,0.342228811,12313,50000,36000,60000,3275,5351,703,"(1.67e+03,3.33e+03]","(-148,1.48e+04]","(4.84e+04,5.72e+04]","(-270,3.95e+04]","(-2.21,423]","(-54.7,1.75e+04]","(-307,3.07e+04]","(0.291,0.388]","(-88.8,2.01e+04]","(3.38e+04,4.14e+04]","(5.29e+04,6.32e+04]","(-48.2,4.82e+03]"
28,OPERATIONS LOGISTICS AND E-COMMERCE,Business,11732,156,488,232,0.322222222,7724,50000,40000,60000,1466,3629,285,"(0,1.67e+03]","(-148,1.48e+04]","(4.84e+04,5.72e+04]","(-270,3.95e+04]","(-2.21,423]","(-54.7,1.75e+04]","(-307,3.07e+04]","(0.291,0.388]","(-88.8,2.01e+04]","(3.38e+04,4.14e+04]","(5.29e+04,6.32e+04]","(-48.2,4.82e+03]"
29,MISCELLANEOUS ENGINEERING,Engineering,9133,118,7398,1735,0.189970437,5476,50000,39000,65000,3445,2426,365,"(3.33e+03,5e+03]","(-148,1.48e+04]","(4.84e+04,5.72e+04]","(-270,3.95e+04]","(-2.21,423]","(-54.7,1.75e+04]","(-307,3.07e+04]","(0.0969,0.194]","(-88.8,2.01e+04]","(3.38e+04,4.14e+04]","(6.32e+04,7.35e+04]","(-48.2,4.82e+03]"
30,PUBLIC POLICY,Law & Public Policy,5978,55,2695,905,0.251388889,2776,50000,35000,70000,1550,1871,340,"(0,1.67e+03]","(-148,1.48e+04]","(4.84e+04,5.72e+04]","(-270,3.95e+04]","(-2.21,423]","(-54.7,1.75e+04]","(-307,3.07e+04]","(0.194,0.291]","(-88.8,2.01e+04]","(3.38e+04,4.14e+04]","(6.32e+04,7.35e+04]","(-48.2,4.82e+03]"
31,ENVIRONMENTAL ENGINEERING,Engineering,4047,26,2639,3339,0.558548009,1951,50000,42000,56000,2028,830,260,"(1.67e+03,3.33e+03]","(-148,1.48e+04]","(4.84e+04,5.72e+04]","(-270,3.95e+04]","(-2.21,423]","(-54.7,1.75e+04]","(-307,3.07e+04]","(0.484,0.581]","(-88.8,2.01e+04]","(4.14e+04,4.91e+04]","(5.29e+04,6.32e+04]","(-48.2,4.82e+03]"
32,ENGINEERING TECHNOLOGIES,Engineering,3600,39,16820,1678,0.090712509,1723,50000,43000,60000,1017,1269,142,"(0,1.67e+03]","(-148,1.48e+04]","(4.84e+04,5.72e+04]","(-270,3.95e+04]","(-2.21,423]","(-54.7,1.75e+04]","(-307,3.07e+04]","(-0.000969,0.0969]","(-88.8,2.01e+04]","(4.14e+04,4.91e+04]","(5.29e+04,6.32e+04]","(-48.2,4.82e+03]"
33,MISCELLANEOUS FINE ARTS,Arts,3340,30,1970,1370,0.410179641,1200,50000,25000,66000,693,1714,755,"(0,1.67e+03]","(-148,1.48e+04]","(4.84e+04,5.72e+04]","(-270,3.95e+04]","(-2.21,423]","(-54.7,1.75e+04]","(-307,3.07e+04]","(0.388,0.484]","(-88.8,2.01e+04]","(1.84e+04,2.62e+04]","(6.32e+04,7.35e+04]","(-48.2,4.82e+03]"
34,GEOLOGICAL AND GEOPHYSICAL ENGINEERING,Engineering,720,5,7921,3811,0.32483805,396,50000,42800,57000,501,50,49,"(0,1.67e+03]","(-148,1.48e+04]","(4.84e+04,5.72e+04]","(-270,3.95e+04]","(-2.21,423]","(-54.7,1.75e+04]","(-307,3.07e+04]","(0.291,0.388]","(-88.8,2.01e+04]","(4.14e+04,4.91e+04]","(5.29e+04,6.32e+04]","(-48.2,4.82e+03]"
35,NURSING,Health,209394,2554,21773,187621,0.896018988,122817,48000,39000,58000,151643,26146,6193,"(1.5e+04,1.52e+05]","(1.48e+04,2.97e+04]","(3.96e+04,4.84e+04]","(1.97e+05,2.36e+05]","(2.53e+03,2.95e+03]","(1.75e+04,3.49e+04]","(1.84e+05,2.15e+05]","(0.872,0.97]","(1.2e+05,1.4e+05]","(3.38e+04,4.14e+04]","(5.29e+04,6.32e+04]","(4.82e+03,9.64e+03]"
36,FINANCE,Business,174506,2189,89749,49498,0.355469059,108595,47000,35000,64000,24243,48447,9910,"(1.5e+04,1.52e+05]","(4.45e+04,5.94e+04]","(3.96e+04,4.84e+04]","(1.58e+05,1.97e+05]","(2.11e+03,2.53e+03]","(8.7e+04,1.04e+05]","(3.07e+04,6.14e+04]","(0.291,0.388]","(1e+05,1.2e+05]","(3.38e+04,4.14e+04]","(6.32e+04,7.35e+04]","(9.64e+03,1.45e+04]"
37,ECONOMICS,Social Science,139247,1322,115030,59476,0.340824957,70740,47000,35000,65000,25582,37057,10653,"(1.5e+04,1.52e+05]","(2.97e+04,4.45e+04]","(3.96e+04,4.84e+04]","(1.18e+05,1.58e+05]","(1.26e+03,1.69e+03]","(1.04e+05,1.22e+05]","(3.07e+04,6.14e+04]","(0.291,0.388]","(6e+04,8e+04]","(3.38e+04,4.14e+04]","(6.32e+04,7.35e+04]","(9.64e+03,1.45e+04]"
38,BUSINESS ECONOMICS,Business,13302,199,3477,1154,0.24919024,8000,46000,33000,58000,1578,4612,1284,"(0,1.67e+03]","(-148,1.48e+04]","(3.96e+04,4.84e+04]","(-270,3.95e+04]","(-2.21,423]","(-54.7,1.75e+04]","(-307,3.07e+04]","(0.194,0.291]","(-88.8,2.01e+04]","(2.62e+04,3.38e+04]","(5.29e+04,6.32e+04]","(-48.2,4.82e+03]"
39,INDUSTRIAL PRODUCTION TECHNOLOGIES,Engineering,4631,73,528,1588,0.75047259,3242,46000,35000,65000,1394,2454,480,"(0,1.67e+03]","(-148,1.48e+04]","(3.96e+04,4.84e+04]","(-270,3.95e+04]","(-2.21,423]","(-54.7,1.75e+04]","(-307,3.07e+04]","(0.678,0.775]","(-88.8,2.01e+04]","(3.38e+04,4.14e+04]","(6.32e+04,7.35e+04]","(-48.2,4.82e+03]"
40,"NUCLEAR, INDUSTRIAL RADIOLOGY, AND BIOLOGICAL TECHNOLOGIES",Physical Sciences,2116,31,7575,5727,0.430536761,1115,46000,38000,53000,162,1475,124,"(0,1.67e+03]","(-148,1.48e+04]","(3.96e+04,4.84e+04]","(-270,3.95e+04]","(-2.21,423]","(-54.7,1.75e+04]","(-307,3.07e+04]","(0.388,0.484]","(-88.8,2.01e+04]","(3.38e+04,4.14e+04]","(5.29e+04,6.32e+04]","(-48.2,4.82e+03]"
41,ACCOUNTING,Business,198633,2042,27392,9306,0.253583302,123169,45000,34000,56000,11417,39323,10886,"(1e+04,1.17e+04]","(2.97e+04,4.45e+04]","(3.96e+04,4.84e+04]","(1.97e+05,2.36e+05]","(1.69e+03,2.11e+03]","(1.75e+04,3.49e+04]","(-307,3.07e+04]","(0.194,0.291]","(1.2e+05,1.4e+05]","(3.38e+04,4.14e+04]","(5.29e+04,6.32e+04]","(9.64e+03,1.45e+04]"
42,MATHEMATICS,Computers & Mathematics,72397,541,9005,2908,0.244103081,33738,45000,33000,60000,34800,14829,4569,"(1.5e+04,1.52e+05]","(-148,1.48e+04]","(3.96e+04,4.84e+04]","(3.95e+04,7.88e+04]","(423,844]","(-54.7,1.75e+04]","(-307,3.07e+04]","(0.194,0.291]","(2.01e+04,4.01e+04]","(2.62e+04,3.38e+04]","(5.29e+04,6.32e+04]","(-48.2,4.82e+03]"
43,COMPUTER AND INFORMATION SYSTEMS,Computers & Mathematics,36698,425,515,1247,0.707718502,21130,45000,30000,60000,13344,11783,1672,"(1.33e+04,1.5e+04]","(-148,1.48e+04]","(3.96e+04,4.84e+04]","(-270,3.95e+04]","(423,844]","(-54.7,1.75e+04]","(-307,3.07e+04]","(0.678,0.775]","(2.01e+04,4.01e+04]","(2.62e+04,3.38e+04]","(5.29e+04,6.32e+04]","(-48.2,4.82e+03]"
44,PHYSICS,Physical Sciences,32142,142,39956,32441,0.448098678,14389,45000,30000,68000,18674,4576,1823,"(1.5e+04,1.52e+05]","(-148,1.48e+04]","(3.96e+04,4.84e+04]","(-270,3.95e+04]","(-2.21,423]","(3.49e+04,5.22e+04]","(3.07e+04,6.14e+04]","(0.388,0.484]","(-88.8,2.01e+04]","(2.62e+04,3.38e+04]","(6.32e+04,7.35e+04]","(-48.2,4.82e+03]"
45,MEDICAL TECHNOLOGIES TECHNICIANS,Health,15914,190,2794,2145,0.434298441,9005,45000,36000,50000,5546,7176,1002,"(5e+03,6.67e+03]","(-148,1.48e+04]","(3.96e+04,4.84e+04]","(-270,3.95e+04]","(-2.21,423]","(-54.7,1.75e+04]","(-307,3.07e+04]","(0.388,0.484]","(-88.8,2.01e+04]","(3.38e+04,4.14e+04]","(4.26e+04,5.29e+04]","(-48.2,4.82e+03]"
46,INFORMATION SCIENCES,Computers & Mathematics,11913,158,2960,3291,0.526475764,7378,45000,32500,58000,4390,4102,608,"(3.33e+03,5e+03]","(-148,1.48e+04]","(3.96e+04,4.84e+04]","(-270,3.95e+04]","(-2.21,423]","(-54.7,1.75e+04]","(-307,3.07e+04]","(0.484,0.581]","(-88.8,2.01e+04]","(2.62e+04,3.38e+04]","(5.29e+04,6.32e+04]","(-48.2,4.82e+03]"
47,STATISTICS AND DECISION SCIENCE,Computers & Mathematics,6251,37,23080,9062,0.281936407,2151,45000,26700,60000,2298,1200,343,"(1.67e+03,3.33e+03]","(-148,1.48e+04]","(3.96e+04,4.84e+04]","(-270,3.95e+04]","(-2.21,423]","(1.75e+04,3.49e+04]","(-307,3.07e+04]","(0.194,0.291]","(-88.8,2.01e+04]","(2.62e+04,3.38e+04]","(5.29e+04,6.32e+04]","(-48.2,4.82e+03]"
48,APPLIED MATHEMATICS,Computers & Mathematics,4939,45,3916,11998,0.75392736,2593,45000,34000,63000,2437,803,357,"(1.67e+03,3.33e+03]","(-148,1.48e+04]","(3.96e+04,4.84e+04]","(-270,3.95e+04]","(-2.21,423]","(-54.7,1.75e+04]","(-307,3.07e+04]","(0.678,0.775]","(-88.8,2.01e+04]","(3.38e+04,4.14e+04]","(5.29e+04,6.32e+04]","(-48.2,4.82e+03]"
49,PHARMACOLOGY,Biology & Life Science,1762,3,94519,104114,0.524152583,565,45000,40000,45000,603,478,93,"(0,1.67e+03]","(-148,1.48e+04]","(3.96e+04,4.84e+04]","(-270,3.95e+04]","(-2.21,423]","(8.7e+04,1.04e+05]","(9.21e+04,1.23e+05]","(0.484,0.581]","(-88.8,2.01e+04]","(3.38e+04,4.14e+04]","(4.26e+04,5.29e+04]","(-48.2,4.82e+03]"
50,OCEANOGRAPHY,Physical Sciences,2418,36,752,1666,0.688999173,1595,44700,23000,50000,459,996,186,"(0,1.67e+03]","(-148,1.48e+04]","(3.96e+04,4.84e+04]","(-270,3.95e+04]","(-2.21,423]","(-54.7,1.75e+04]","(-307,3.07e+04]","(0.678,0.775]","(-88.8,2.01e+04]","(1.84e+04,2.62e+04]","(4.26e+04,5.29e+04]","(-48.2,4.82e+03]"
51,ENGINEERING AND INDUSTRIAL MANAGEMENT,Engineering,2906,29,2400,506,0.174122505,1358,44000,30000,50000,482,844,245,"(0,1.67e+03]","(-148,1.48e+04]","(3.96e+04,4.84e+04]","(-270,3.95e+04]","(-2.21,423]","(-54.7,1.75e+04]","(-307,3.07e+04]","(0.0969,0.194]","(-88.8,2.01e+04]","(2.62e+04,3.38e+04]","(4.26e+04,5.29e+04]","(-48.2,4.82e+03]"
52,MEDICAL ASSISTING SERVICES,Health,11123,67,500,109,0.178981938,4290,42000,30000,65000,2091,6948,1270,"(1.67e+03,3.33e+03]","(-148,1.48e+04]","(3.96e+04,4.84e+04]","(-270,3.95e+04]","(-2.21,423]","(-54.7,1.75e+04]","(-307,3.07e+04]","(0.0969,0.194]","(-88.8,2.01e+04]","(2.62e+04,3.38e+04]","(6.32e+04,7.35e+04]","(-48.2,4.82e+03]"
53,MATHEMATICS AND COMPUTER SCIENCE,Computers & Mathematics,609,7,803,10320,0.927807246,391,42000,30000,78000,452,67,25,"(0,1.67e+03]","(-148,1.48e+04]","(3.96e+04,4.84e+04]","(-270,3.95e+04]","(-2.21,423]","(-54.7,1.75e+04]","(-307,3.07e+04]","(0.872,0.97]","(-88.8,2.01e+04]","(2.62e+04,3.38e+04]","(7.35e+04,8.38e+04]","(-48.2,4.82e+03]"
54,COMPUTER PROGRAMMING AND DATA PROCESSING,Computers & Mathematics,4168,43,3046,1122,0.269193858,2453,41300,20000,46000,2024,1033,263,"(1.67e+03,3.33e+03]","(-148,1.48e+04]","(3.96e+04,4.84e+04]","(-270,3.95e+04]","(-2.21,423]","(-54.7,1.75e+04]","(-307,3.07e+04]","(0.194,0.291]","(-88.8,2.01e+04]","(1.84e+04,2.62e+04]","(4.26e+04,5.29e+04]","(-48.2,4.82e+03]"
55,COGNITIVE SCIENCE AND BIOPSYCHOLOGY,Biology & Life Science,3831,25,119,699,0.854523227,1584,41000,20000,60000,1369,921,135,"(0,1.67e+03]","(-148,1.48e+04]","(3.96e+04,4.84e+04]","(-270,3.95e+04]","(-2.21,423]","(-54.7,1.75e+04]","(-307,3.07e+04]","(0.775,0.872]","(-88.8,2.01e+04]","(1.84e+04,2.62e+04]","(5.29e+04,6.32e+04]","(-48.2,4.82e+03]"
56,SCHOOL STUDENT COUNSELING,Education,818,4,1667,2164,0.56486557,545,41000,41000,43000,509,221,0,"(0,1.67e+03]","(-148,1.48e+04]","(3.96e+04,4.84e+04]","(-270,3.95e+04]","(-2.21,423]","(-54.7,1.75e+04]","(-307,3.07e+04]","(0.484,0.581]","(-88.8,2.01e+04]","(3.38e+04,4.14e+04]","(4.26e+04,5.29e+04]","(-48.2,4.82e+03]"
57,INTERNATIONAL RELATIONS,Social Science,28187,219,10345,17842,0.632986838,13583,40100,31200,53000,6774,9570,2499,"(6.67e+03,8.33e+03]","(-148,1.48e+04]","(3.96e+04,4.84e+04]","(-270,3.95e+04]","(-2.21,423]","(-54.7,1.75e+04]","(-307,3.07e+04]","(0.581,0.678]","(-88.8,2.01e+04]","(2.62e+04,3.38e+04]","(5.29e+04,6.32e+04]","(-48.2,4.82e+03]"
58,GENERAL BUSINESS,Business,234590,2380,6053,4346,0.4179248,138299,40000,30000,55000,29334,100831,27320,"(1.5e+04,1.52e+05]","(8.9e+04,1.04e+05]","(3.96e+04,4.84e+04]","(1.97e+05,2.36e+05]","(2.11e+03,2.53e+03]","(-54.7,1.75e+04]","(-307,3.07e+04]","(0.388,0.484]","(1.2e+05,1.4e+05]","(2.62e+04,3.38e+04]","(5.29e+04,6.32e+04]","(2.41e+04,2.89e+04]"
59,ARCHITECTURE,Engineering,46420,362,9658,4582,0.321769663,20026,40000,31000,50000,16178,13724,4221,"(1.5e+04,1.52e+05]","(-148,1.48e+04]","(3.96e+04,4.84e+04]","(3.95e+04,7.88e+04]","(-2.21,423]","(-54.7,1.75e+04]","(-307,3.07e+04]","(0.291,0.388]","(-88.8,2.01e+04]","(2.62e+04,3.38e+04]","(4.26e+04,5.29e+04]","(-48.2,4.82e+03]"
60,INTERNATIONAL BUSINESS,Business,25894,260,1749,690,0.282902829,12823,40000,30000,50000,3383,9482,3046,"(3.33e+03,5e+03]","(-148,1.48e+04]","(3.96e+04,4.84e+04]","(-270,3.95e+04]","(-2.21,423]","(-54.7,1.75e+04]","(-307,3.07e+04]","(0.194,0.291]","(-88.8,2.01e+04]","(2.62e+04,3.38e+04]","(4.26e+04,5.29e+04]","(-48.2,4.82e+03]"
61,PHARMACY PHARMACEUTICAL SCIENCES AND ADMINISTRATION,Health,23551,38,25463,20957,0.451464886,9131,40000,20000,90000,11573,4493,1121,"(1e+04,1.17e+04]","(-148,1.48e+04]","(3.96e+04,4.84e+04]","(-270,3.95e+04]","(-2.21,423]","(1.75e+04,3.49e+04]","(-307,3.07e+04]","(0.388,0.484]","(-88.8,2.01e+04]","(1.84e+04,2.62e+04]","(8.38e+04,9.41e+04]","(-48.2,4.82e+03]"
62,MOLECULAR BIOLOGY,Biology & Life Science,18300,90,4419,371,0.077453027,6183,40000,29000,47000,7225,3145,1168,"(6.67e+03,8.33e+03]","(-148,1.48e+04]","(3.96e+04,4.84e+04]","(-270,3.95e+04]","(-2.21,423]","(-54.7,1.75e+04]","(-307,3.07e+04]","(-0.000969,0.0969]","(-88.8,2.01e+04]","(2.62e+04,3.38e+04]","(4.26e+04,5.29e+04]","(-48.2,4.82e+03]"
63,MISCELLANEOUS BUSINESS & MEDICAL ADMINISTRATION,Business,17947,244,7043,1761,0.200022717,10637,40000,30000,51000,2236,8937,1758,"(1.67e+03,3.33e+03]","(-148,1.48e+04]","(3.96e+04,4.84e+04]","(-270,3.95e+04]","(-2.21,423]","(-54.7,1.75e+04]","(-307,3.07e+04]","(0.194,0.291]","(-88.8,2.01e+04]","(2.62e+04,3.38e+04]","(4.26e+04,5.29e+04]","(-48.2,4.82e+03]"
64,AGRICULTURE PRODUCTION AND MANAGEMENT,Agriculture & Natural Resources,14240,273,7426,10874,0.59420765,9093,40000,25000,50000,1925,6221,1362,"(1.67e+03,3.33e+03]","(-148,1.48e+04]","(3.96e+04,4.84e+04]","(-270,3.95e+04]","(-2.21,423]","(-54.7,1.75e+04]","(-307,3.07e+04]","(0.581,0.678]","(-88.8,2.01e+04]","(1.84e+04,2.62e+04]","(4.26e+04,5.29e+04]","(-48.2,4.82e+03]"
65,GENERAL AGRICULTURE,Agriculture & Natural Resources,10399,158,1761,1874,0.515543329,5888,40000,30000,50000,2418,4717,839,"(1.67e+03,3.33e+03]","(-148,1.48e+04]","(3.96e+04,4.84e+04]","(-270,3.95e+04]","(-2.21,423]","(-54.7,1.75e+04]","(-307,3.07e+04]","(0.484,0.581]","(-88.8,2.01e+04]","(2.62e+04,3.38e+04]","(4.26e+04,5.29e+04]","(-48.2,4.82e+03]"
66,MISCELLANEOUS ENGINEERING TECHNOLOGIES,Engineering,8804,125,124,0,0,5825,40000,30400,56000,2446,3896,386,"(1.67e+03,3.33e+03]","(-148,1.48e+04]","(3.96e+04,4.84e+04]","(-270,3.95e+04]","(-2.21,423]","(-54.7,1.75e+04]","(-307,3.07e+04]","(-0.000969,0.0969]","(-88.8,2.01e+04]","(2.62e+04,3.38e+04]","(5.29e+04,6.32e+04]","(-48.2,4.82e+03]"
67,MECHANICAL ENGINEERING RELATED TECHNOLOGIES,Engineering,4790,71,894,542,0.377437326,3607,40000,27000,52000,1861,2121,406,"(1.67e+03,3.33e+03]","(-148,1.48e+04]","(3.96e+04,4.84e+04]","(-270,3.95e+04]","(-2.21,423]","(-54.7,1.75e+04]","(-307,3.07e+04]","(0.291,0.388]","(-88.8,2.01e+04]","(2.62e+04,3.38e+04]","(4.26e+04,5.29e+04]","(-48.2,4.82e+03]"
68,GENETICS,Biology & Life Science,3635,11,1075,1939,0.643331121,1487,40000,34000,45000,1675,678,201,"(1.67e+03,3.33e+03]","(-148,1.48e+04]","(3.96e+04,4.84e+04]","(-270,3.95e+04]","(-2.21,423]","(-54.7,1.75e+04]","(-307,3.07e+04]","(0.581,0.678]","(-88.8,2.01e+04]","(3.38e+04,4.14e+04]","(4.26e+04,5.29e+04]","(-48.2,4.82e+03]"
69,MISCELLANEOUS SOCIAL SCIENCES,Social Science,3283,28,1499,1784,0.543405422,1530,40000,30000,54000,744,1654,573,"(0,1.67e+03]","(-148,1.48e+04]","(3.96e+04,4.84e+04]","(-270,3.95e+04]","(-2.21,423]","(-54.7,1.75e+04]","(-307,3.07e+04]","(0.484,0.581]","(-88.8,2.01e+04]","(2.62e+04,3.38e+04]","(5.29e+04,6.32e+04]","(-48.2,4.82e+03]"
70,UNITED STATES HISTORY,Humanities & Liberal Arts,3079,22,8697,14854,0.630716318,1274,40000,30000,42000,801,1591,302,"(0,1.67e+03]","(-148,1.48e+04]","(3.96e+04,4.84e+04]","(-270,3.95e+04]","(-2.21,423]","(-54.7,1.75e+04]","(-307,3.07e+04]","(0.581,0.678]","(-88.8,2.01e+04]","(2.62e+04,3.38e+04]","(3.23e+04,4.26e+04]","(-48.2,4.82e+03]"
71,INDUSTRIAL AND ORGANIZATIONAL PSYCHOLOGY,Psychology & Social Work,3014,24,132238,102352,0.436301633,1409,40000,32000,53000,559,1224,272,"(0,1.67e+03]","(-148,1.48e+04]","(3.96e+04,4.84e+04]","(-270,3.95e+04]","(-2.21,423]","(1.22e+05,1.39e+05]","(9.21e+04,1.23e+05]","(0.388,0.484]","(-88.8,2.01e+04]","(2.62e+04,3.38e+04]","(5.29e+04,6.32e+04]","(-48.2,4.82e+03]"
72,AGRICULTURAL ECONOMICS,Agriculture & Natural Resources,2439,44,10624,15270,0.589711902,1528,40000,27000,54000,535,893,94,"(0,1.67e+03]","(-148,1.48e+04]","(3.96e+04,4.84e+04]","(-270,3.95e+04]","(-2.21,423]","(-54.7,1.75e+04]","(-307,3.07e+04]","(0.581,0.678]","(-88.8,2.01e+04]","(2.62e+04,3.38e+04]","(5.29e+04,6.32e+04]","(-48.2,4.82e+03]"
73,PHYSICAL SCIENCES,Physical Sciences,1436,10,10285,7662,0.42692372,653,40000,30000,55000,530,465,269,"(0,1.67e+03]","(-148,1.48e+04]","(3.96e+04,4.84e+04]","(-270,3.95e+04]","(-2.21,423]","(-54.7,1.75e+04]","(-307,3.07e+04]","(0.388,0.484]","(-88.8,2.01e+04]","(2.62e+04,3.38e+04]","(5.29e+04,6.32e+04]","(-48.2,4.82e+03]"
75,CHEMISTRY,Physical Sciences,66530,353,32923,33607,0.505140538,29910,39000,30000,49900,30382,14718,4288,"(1.5e+04,1.52e+05]","(-148,1.48e+04]","(3.08e+04,3.96e+04]","(3.95e+04,7.88e+04]","(-2.21,423]","(1.75e+04,3.49e+04]","(3.07e+04,6.14e+04]","(0.484,0.581]","(2.01e+04,4.01e+04]","(2.62e+04,3.38e+04]","(4.26e+04,5.29e+04]","(-48.2,4.82e+03]"
76,"ELECTRICAL, MECHANICAL, AND PRECISION TECHNOLOGIES AND PRODUCTION",Industrial Arts & Consumer Services,2435,37,1869,566,0.232443532,1752,38400,22500,45000,221,1659,81,"(0,1.67e+03]","(-148,1.48e+04]","(3.08e+04,3.96e+04]","(-270,3.95e+04]","(-2.21,423]","(-54.7,1.75e+04]","(-307,3.07e+04]","(0.194,0.291]","(-88.8,2.01e+04]","(1.84e+04,2.62e+04]","(4.26e+04,5.29e+04]","(-48.2,4.82e+03]"
77,BUSINESS MANAGEMENT AND ADMINISTRATION,Business,329927,4212,6383,8849,0.580948004,199897,38000,29000,50000,36720,148395,32395,"(1.5e+04,1.52e+05]","(1.34e+05,1.49e+05]","(3.08e+04,3.96e+04]","(3.15e+05,3.54e+05]","(3.79e+03,4.22e+03]","(-54.7,1.75e+04]","(-307,3.07e+04]","(0.484,0.581]","(1.8e+05,2e+05]","(2.62e+04,3.38e+04]","(4.26e+04,5.29e+04]","(2.89e+04,3.37e+04]"
78,MARKETING AND MARKETING RESEARCH,Business,205211,2684,11404,7076,0.382900433,127230,38000,30000,50000,25320,93889,27968,"(1.5e+04,1.52e+05]","(8.9e+04,1.04e+05]","(3.08e+04,3.96e+04]","(1.97e+05,2.36e+05]","(2.53e+03,2.95e+03]","(-54.7,1.75e+04]","(-307,3.07e+04]","(0.291,0.388]","(1.2e+05,1.4e+05]","(2.62e+04,3.38e+04]","(4.26e+04,5.29e+04]","(2.41e+04,2.89e+04]"
79,POLITICAL SCIENCE AND GOVERNMENT,Social Science,182621,1387,93880,88741,0.485929877,83236,38000,28000,50000,36854,66947,19803,"(1.5e+04,1.52e+05]","(5.94e+04,7.42e+04]","(3.08e+04,3.96e+04]","(1.58e+05,1.97e+05]","(1.26e+03,1.69e+03]","(8.7e+04,1.04e+05]","(6.14e+04,9.21e+04]","(0.484,0.581]","(8e+04,1e+05]","(2.62e+04,3.38e+04]","(4.26e+04,5.29e+04]","(1.93e+04,2.41e+04]"
80,GEOGRAPHY,Social Science,18480,179,173809,156118,0.473189524,8628,38000,30000,50000,5350,6830,1905,"(5e+03,6.67e+03]","(-148,1.48e+04]","(3.08e+04,3.96e+04]","(-270,3.95e+04]","(-2.21,423]","(1.56e+05,1.74e+05]","(1.54e+05,1.84e+05]","(0.388,0.484]","(-88.8,2.01e+04]","(2.62e+04,3.38e+04]","(4.26e+04,5.29e+04]","(-48.2,4.82e+03]"
81,MICROBIOLOGY,Biology & Life Science,15232,62,78857,126354,0.615727227,5080,38000,29600,50000,5577,3174,1246,"(5e+03,6.67e+03]","(-148,1.48e+04]","(3.08e+04,3.96e+04]","(-270,3.95e+04]","(-2.21,423]","(6.96e+04,8.7e+04]","(1.23e+05,1.54e+05]","(0.581,0.678]","(-88.8,2.01e+04]","(2.62e+04,3.38e+04]","(4.26e+04,5.29e+04]","(-48.2,4.82e+03]"
82,COMPUTER ADMINISTRATION MANAGEMENT AND SECURITY,Computers & Mathematics,8066,103,6607,1459,0.180882718,4936,37500,25000,50000,2354,3244,308,"(1.67e+03,3.33e+03]","(-148,1.48e+04]","(3.08e+04,3.96e+04]","(-270,3.95e+04]","(-2.21,423]","(-54.7,1.75e+04]","(-307,3.07e+04]","(0.0969,0.194]","(-88.8,2.01e+04]","(1.84e+04,2.62e+04]","(4.26e+04,5.29e+04]","(-48.2,4.82e+03]"
83,BIOCHEMICAL SCIENCES,Biology & Life Science,39107,174,18951,20156,0.515406449,13785,37400,29000,50000,15654,8394,3012,"(1.5e+04,1.52e+05]","(-148,1.48e+04]","(3.08e+04,3.96e+04]","(-270,3.95e+04]","(-2.21,423]","(1.75e+04,3.49e+04]","(-307,3.07e+04]","(0.484,0.581]","(-88.8,2.01e+04]","(2.62e+04,3.38e+04]","(4.26e+04,5.29e+04]","(-48.2,4.82e+03]"
84,BOTANY,Biology & Life Science,1329,9,626,703,0.52896915,740,37000,26000,40000,677,184,56,"(0,1.67e+03]","(-148,1.48e+04]","(3.08e+04,3.96e+04]","(-270,3.95e+04]","(-2.21,423]","(-54.7,1.75e+04]","(-307,3.07e+04]","(0.484,0.581]","(-88.8,2.01e+04]","(1.84e+04,2.62e+04]","(3.23e+04,4.26e+04]","(-48.2,4.82e+03]"
85,COMPUTER NETWORKING AND TELECOMMUNICATIONS,Computers & Mathematics,7613,97,5291,2322,0.305004597,4369,36400,27000,49000,2593,2941,352,"(1.67e+03,3.33e+03]","(-148,1.48e+04]","(3.08e+04,3.96e+04]","(-270,3.95e+04]","(-2.21,423]","(-54.7,1.75e+04]","(-307,3.07e+04]","(0.291,0.388]","(-88.8,2.01e+04]","(2.62e+04,3.38e+04]","(4.26e+04,5.29e+04]","(-48.2,4.82e+03]"
86,GEOLOGY AND EARTH SCIENCE,Physical Sciences,10972,78,5813,5159,0.470196865,5008,36200,28000,47000,4858,2792,959,"(3.33e+03,5e+03]","(-148,1.48e+04]","(3.08e+04,3.96e+04]","(-270,3.95e+04]","(-2.21,423]","(-54.7,1.75e+04]","(-307,3.07e+04]","(0.388,0.484]","(-88.8,2.01e+04]","(2.62e+04,3.38e+04]","(4.26e+04,5.29e+04]","(-48.2,4.82e+03]"
87,HUMAN RESOURCES AND PERSONNEL MANAGEMENT,Business,24497,264,4435,9093,0.672161443,15446,36000,28000,45000,2406,9629,1906,"(1.67e+03,3.33e+03]","(-148,1.48e+04]","(3.08e+04,3.96e+04]","(-270,3.95e+04]","(-2.21,423]","(-54.7,1.75e+04]","(-307,3.07e+04]","(0.581,0.678]","(-88.8,2.01e+04]","(2.62e+04,3.38e+04]","(4.26e+04,5.29e+04]","(-48.2,4.82e+03]"
88,PRE-LAW AND LEGAL STUDIES,Law & Public Policy,13528,92,809,1169,0.591001011,5370,36000,29200,46000,2002,6454,1336,"(1.67e+03,3.33e+03]","(-148,1.48e+04]","(3.08e+04,3.96e+04]","(-270,3.95e+04]","(-2.21,423]","(-54.7,1.75e+04]","(-307,3.07e+04]","(0.581,0.678]","(-88.8,2.01e+04]","(2.62e+04,3.38e+04]","(4.26e+04,5.29e+04]","(-48.2,4.82e+03]"
89,MISCELLANEOUS HEALTH MEDICAL PROFESSIONS,Health,13386,81,413,973,0.702020202,5868,36000,23000,42000,5652,3835,1422,"(5e+03,6.67e+03]","(-148,1.48e+04]","(3.08e+04,3.96e+04]","(-270,3.95e+04]","(-2.21,423]","(-54.7,1.75e+04]","(-307,3.07e+04]","(0.678,0.775]","(-88.8,2.01e+04]","(1.84e+04,2.62e+04]","(3.23e+04,4.26e+04]","(-48.2,4.82e+03]"
90,PUBLIC ADMINISTRATION,Law & Public Policy,5629,46,2947,2682,0.476461183,2952,36000,23000,60000,919,2313,496,"(0,1.67e+03]","(-148,1.48e+04]","(3.08e+04,3.96e+04]","(-270,3.95e+04]","(-2.21,423]","(-54.7,1.75e+04]","(-307,3.07e+04]","(0.388,0.484]","(-88.8,2.01e+04]","(1.84e+04,2.62e+04]","(5.29e+04,6.32e+04]","(-48.2,4.82e+03]"
91,GEOSCIENCES,Physical Sciences,1978,18,1589,11797,0.881293889,1011,36000,21000,41000,784,591,221,"(0,1.67e+03]","(-148,1.48e+04]","(3.08e+04,3.96e+04]","(-270,3.95e+04]","(-2.21,423]","(-54.7,1.75e+04]","(-307,3.07e+04]","(0.872,0.97]","(-88.8,2.01e+04]","(1.84e+04,2.62e+04]","(3.23e+04,4.26e+04]","(-48.2,4.82e+03]"
92,SOCIAL PSYCHOLOGY,Psychology & Social Work,1386,8,6184,18313,0.747560926,529,36000,34000,45000,434,593,37,"(0,1.67e+03]","(-148,1.48e+04]","(3.08e+04,3.96e+04]","(-270,3.95e+04]","(-2.21,423]","(-54.7,1.75e+04]","(-307,3.07e+04]","(0.678,0.775]","(-88.8,2.01e+04]","(3.38e+04,4.14e+04]","(4.26e+04,5.29e+04]","(-48.2,4.82e+03]"
93,ENVIRONMENTAL SCIENCE,Biology & Life Science,25965,225,10787,15178,0.584556133,10916,35600,25000,40200,8149,10076,3175,"(6.67e+03,8.33e+03]","(-148,1.48e+04]","(3.08e+04,3.96e+04]","(-270,3.95e+04]","(-2.21,423]","(-54.7,1.75e+04]","(-307,3.07e+04]","(0.581,0.678]","(-88.8,2.01e+04]","(1.84e+04,2.62e+04]","(3.23e+04,4.26e+04]","(-48.2,4.82e+03]"
94,COMMUNICATIONS,Communications & Journalism,213996,2394,476,209,0.305109489,116251,35000,27000,45000,40763,97964,27440,"(1.5e+04,1.52e+05]","(8.9e+04,1.04e+05]","(3.08e+04,3.96e+04]","(1.97e+05,2.36e+05]","(2.11e+03,2.53e+03]","(-54.7,1.75e+04]","(-307,3.07e+04]","(0.291,0.388]","(1e+05,1.2e+05]","(2.62e+04,3.38e+04]","(4.26e+04,5.29e+04]","(2.41e+04,2.89e+04]"
95,CRIMINAL JUSTICE AND FIRE PROTECTION,Law & Public Policy,152824,1728,3156,451,0.125034655,88548,35000,26000,45000,24348,88858,18404,"(1.5e+04,1.52e+05]","(7.42e+04,8.9e+04]","(3.08e+04,3.96e+04]","(1.18e+05,1.58e+05]","(1.69e+03,2.11e+03]","(-54.7,1.75e+04]","(-307,3.07e+04]","(0.0969,0.194]","(8e+04,1e+05]","(1.84e+04,2.62e+04]","(4.26e+04,5.29e+04]","(1.45e+04,1.93e+04]"
96,COMMERCIAL ART AND GRAPHIC DESIGN,Arts,103480,1186,8617,5156,0.374355623,52243,35000,25000,45000,37389,38119,14839,"(1.5e+04,1.52e+05]","(2.97e+04,4.45e+04]","(3.08e+04,3.96e+04]","(7.88e+04,1.18e+05]","(844,1.26e+03]","(-54.7,1.75e+04]","(-307,3.07e+04]","(0.291,0.388]","(4.01e+04,6e+04]","(1.84e+04,2.62e+04]","(4.26e+04,5.29e+04]","(1.45e+04,1.93e+04]"
97,JOURNALISM,Communications & Journalism,72619,843,8739,22456,0.719858952,39524,35000,26000,42900,23279,26672,8512,"(1.5e+04,1.52e+05]","(1.48e+04,2.97e+04]","(3.08e+04,3.96e+04]","(3.95e+04,7.88e+04]","(423,844]","(-54.7,1.75e+04]","(-307,3.07e+04]","(0.678,0.775]","(2.01e+04,4.01e+04]","(1.84e+04,2.62e+04]","(4.26e+04,5.29e+04]","(4.82e+03,9.64e+03]"
98,MULTI-DISCIPLINARY OR GENERAL SCIENCE,Physical Sciences,62052,427,70619,143377,0.669998505,28966,35000,24000,50000,17923,22039,5751,"(1.5e+04,1.52e+05]","(1.48e+04,2.97e+04]","(3.08e+04,3.96e+04]","(3.95e+04,7.88e+04]","(423,844]","(6.96e+04,8.7e+04]","(1.23e+05,1.54e+05]","(0.581,0.678]","(2.01e+04,4.01e+04]","(1.84e+04,2.62e+04]","(4.26e+04,5.29e+04]","(4.82e+03,9.64e+03]"
99,ADVERTISING AND PUBLIC RELATIONS,Communications & Journalism,53162,681,23736,48883,0.673143392,30932,35000,27000,47000,9659,23059,7214,"(8.33e+03,1e+04]","(1.48e+04,2.97e+04]","(3.08e+04,3.96e+04]","(3.95e+04,7.88e+04]","(423,844]","(1.75e+04,3.49e+04]","(3.07e+04,6.14e+04]","(0.581,0.678]","(2.01e+04,4.01e+04]","(2.62e+04,3.38e+04]","(4.26e+04,5.29e+04]","(4.82e+03,9.64e+03]"
100,AREA ETHNIC AND CIVILIZATION STUDIES,Humanities & Liberal Arts,31195,249,12862,40300,0.758060269,13109,35000,24500,44000,8465,11818,3677,"(8.33e+03,1e+04]","(-148,1.48e+04]","(3.08e+04,3.96e+04]","(-270,3.95e+04]","(-2.21,423]","(-54.7,1.75e+04]","(3.07e+04,6.14e+04]","(0.678,0.775]","(-88.8,2.01e+04]","(1.84e+04,2.62e+04]","(4.26e+04,5.29e+04]","(-48.2,4.82e+03]"
101,SPECIAL NEEDS EDUCATION,Education,28739,246,11431,6604,0.366176878,16642,35000,32000,42000,20185,3797,1179,"(1.5e+04,1.52e+05]","(-148,1.48e+04]","(3.08e+04,3.96e+04]","(-270,3.95e+04]","(-2.21,423]","(-54.7,1.75e+04]","(-307,3.07e+04]","(0.291,0.388]","(-88.8,2.01e+04]","(2.62e+04,3.38e+04]","(3.23e+04,4.26e+04]","(-48.2,4.82e+03]"
102,PHYSIOLOGY,Biology & Life Science,22060,99,2682,26057,0.906677337,7588,35000,20000,50000,6587,6894,2237,"(5e+03,6.67e+03]","(-148,1.48e+04]","(3.08e+04,3.96e+04]","(-270,3.95e+04]","(-2.21,423]","(-54.7,1.75e+04]","(-307,3.07e+04]","(0.872,0.97]","(-88.8,2.01e+04]","(1.84e+04,2.62e+04]","(4.26e+04,5.29e+04]","(-48.2,4.82e+03]"
103,CRIMINOLOGY,Social Science,19879,214,8422,13638,0.618223028,10548,35000,25000,45000,3373,10605,1895,"(3.33e+03,5e+03]","(-148,1.48e+04]","(3.08e+04,3.96e+04]","(-270,3.95e+04]","(-2.21,423]","(-54.7,1.75e+04]","(-307,3.07e+04]","(0.581,0.678]","(-88.8,2.01e+04]","(1.84e+04,2.62e+04]","(4.26e+04,5.29e+04]","(-48.2,4.82e+03]"
104,NUTRITION SCIENCES,Health,18909,118,4944,8719,0.63814682,6625,35000,26000,45000,6535,5473,2449,"(5e+03,6.67e+03]","(-148,1.48e+04]","(3.08e+04,3.96e+04]","(-270,3.95e+04]","(-2.21,423]","(-54.7,1.75e+04]","(-307,3.07e+04]","(0.581,0.678]","(-88.8,2.01e+04]","(1.84e+04,2.62e+04]","(4.26e+04,5.29e+04]","(-48.2,4.82e+03]"
105,HEALTH AND MEDICAL ADMINISTRATIVE SERVICES,Health,18109,184,2817,9479,0.770901106,10982,35000,27000,42000,2589,8592,1391,"(1.67e+03,3.33e+03]","(-148,1.48e+04]","(3.08e+04,3.96e+04]","(-270,3.95e+04]","(-2.21,423]","(-54.7,1.75e+04]","(-307,3.07e+04]","(0.678,0.775]","(-88.8,2.01e+04]","(2.62e+04,3.38e+04]","(3.23e+04,4.26e+04]","(-48.2,4.82e+03]"
106,COMMUNICATION TECHNOLOGIES,Computers & Mathematics,18035,208,2563,16346,0.864456079,9085,35000,25000,45000,4545,8794,2495,"(3.33e+03,5e+03]","(-148,1.48e+04]","(3.08e+04,3.96e+04]","(-270,3.95e+04]","(-2.21,423]","(-54.7,1.75e+04]","(-307,3.07e+04]","(0.775,0.872]","(-88.8,2.01e+04]","(1.84e+04,2.62e+04]","(4.26e+04,5.29e+04]","(-48.2,4.82e+03]"
107,TRANSPORTATION SCIENCES AND TECHNOLOGIES,Industrial Arts & Consumer Services,15150,180,2744,1299,0.321296067,9170,35000,22000,52000,4575,6147,557,"(3.33e+03,5e+03]","(-148,1.48e+04]","(3.08e+04,3.96e+04]","(-270,3.95e+04]","(-2.21,423]","(-54.7,1.75e+04]","(-307,3.07e+04]","(0.291,0.388]","(-88.8,2.01e+04]","(1.84e+04,2.62e+04]","(4.26e+04,5.29e+04]","(-48.2,4.82e+03]"
108,NATURAL RESOURCES MANAGEMENT,Agriculture & Natural Resources,13773,152,27015,35037,0.564639335,6954,35000,25000,42000,4333,5808,1405,"(3.33e+03,5e+03]","(-148,1.48e+04]","(3.08e+04,3.96e+04]","(-270,3.95e+04]","(-2.21,423]","(1.75e+04,3.49e+04]","(3.07e+04,6.14e+04]","(0.484,0.581]","(-88.8,2.01e+04]","(1.84e+04,2.62e+04]","(3.23e+04,4.26e+04]","(-48.2,4.82e+03]"
109,NEUROSCIENCE,Biology & Life Science,13663,53,80231,72593,0.47501047,5482,35000,30000,44000,5605,2301,902,"(5e+03,6.67e+03]","(-148,1.48e+04]","(3.08e+04,3.96e+04]","(-270,3.95e+04]","(-2.21,423]","(6.96e+04,8.7e+04]","(6.14e+04,9.21e+04]","(0.388,0.484]","(-88.8,2.01e+04]","(2.62e+04,3.38e+04]","(4.26e+04,5.29e+04]","(-48.2,4.82e+03]"
110,MULTI/INTERDISCIPLINARY STUDIES,Interdisciplinary,12296,128,10031,9848,0.495397153,6234,35000,25000,44000,5176,3903,1061,"(5e+03,6.67e+03]","(-148,1.48e+04]","(3.08e+04,3.96e+04]","(-270,3.95e+04]","(-2.21,423]","(-54.7,1.75e+04]","(-307,3.07e+04]","(0.484,0.581]","(-88.8,2.01e+04]","(1.84e+04,2.62e+04]","(4.26e+04,5.29e+04]","(-48.2,4.82e+03]"
111,ATMOSPHERIC SCIENCES AND METEOROLOGY,Physical Sciences,4043,32,13257,1893,0.124950495,2161,35000,28000,50000,1808,1317,237,"(1.67e+03,3.33e+03]","(-148,1.48e+04]","(3.08e+04,3.96e+04]","(-270,3.95e+04]","(-2.21,423]","(-54.7,1.75e+04]","(-307,3.07e+04]","(0.0969,0.194]","(-88.8,2.01e+04]","(2.62e+04,3.38e+04]","(4.26e+04,5.29e+04]","(-48.2,4.82e+03]"
112,FORESTRY,Agriculture & Natural Resources,3607,48,32041,71439,0.690365288,1763,35000,28600,48000,1096,1692,327,"(0,1.67e+03]","(-148,1.48e+04]","(3.08e+04,3.96e+04]","(-270,3.95e+04]","(-2.21,423]","(1.75e+04,3.49e+04]","(6.14e+04,9.21e+04]","(0.678,0.775]","(-88.8,2.01e+04]","(2.62e+04,3.38e+04]","(4.26e+04,5.29e+04]","(-48.2,4.82e+03]"
113,SOIL SCIENCE,Agriculture & Natural Resources,685,4,4266,13843,0.764426528,383,35000,18500,44000,355,144,0,"(0,1.67e+03]","(-148,1.48e+04]","(3.08e+04,3.96e+04]","(-270,3.95e+04]","(-2.21,423]","(-54.7,1.75e+04]","(-307,3.07e+04]","(0.678,0.775]","(-88.8,2.01e+04]","(1.84e+04,2.62e+04]","(4.26e+04,5.29e+04]","(-48.2,4.82e+03]"
114,GENERAL EDUCATION,Education,143718,919,26893,116825,0.812876606,73531,34000,26000,41000,82007,31112,11443,"(1.5e+04,1.52e+05]","(2.97e+04,4.45e+04]","(3.08e+04,3.96e+04]","(1.18e+05,1.58e+05]","(844,1.26e+03]","(1.75e+04,3.49e+04]","(9.21e+04,1.23e+05]","(0.775,0.872]","(6e+04,8e+04]","(1.84e+04,2.62e+04]","(3.23e+04,4.26e+04]","(9.64e+03,1.45e+04]"
115,HISTORY,Humanities & Liberal Arts,141951,1058,280,524,0.651741294,59218,34000,25000,47000,35336,54569,16839,"(1.5e+04,1.52e+05]","(4.45e+04,5.94e+04]","(3.08e+04,3.96e+04]","(1.18e+05,1.58e+05]","(844,1.26e+03]","(-54.7,1.75e+04]","(-307,3.07e+04]","(0.581,0.678]","(4.01e+04,6e+04]","(1.84e+04,2.62e+04]","(4.26e+04,5.29e+04]","(1.45e+04,1.93e+04]"
116,FRENCH GERMAN LATIN AND OTHER COMMON FOREIGN LANGUAGE STUDIES,Humanities & Liberal Arts,48246,342,3872,10365,0.728032591,20056,34000,25000,45000,15051,18193,5267,"(1.5e+04,1.52e+05]","(1.48e+04,2.97e+04]","(3.08e+04,3.96e+04]","(3.95e+04,7.88e+04]","(-2.21,423]","(-54.7,1.75e+04]","(-307,3.07e+04]","(0.678,0.775]","(-88.8,2.01e+04]","(1.84e+04,2.62e+04]","(4.26e+04,5.29e+04]","(4.82e+03,9.64e+03]"
117,INTERCULTURAL AND INTERNATIONAL STUDIES,Humanities & Liberal Arts,24650,184,9950,10248,0.507376968,8801,34000,24000,45000,4956,10343,3168,"(3.33e+03,5e+03]","(-148,1.48e+04]","(3.08e+04,3.96e+04]","(-270,3.95e+04]","(-2.21,423]","(-54.7,1.75e+04]","(-307,3.07e+04]","(0.484,0.581]","(-88.8,2.01e+04]","(1.84e+04,2.62e+04]","(4.26e+04,5.29e+04]","(-48.2,4.82e+03]"
118,SOCIAL SCIENCE OR HISTORY TEACHER EDUCATION,Education,20198,157,12835,35411,0.733967583,8871,34000,23050,42000,10928,5561,1806,"(1e+04,1.17e+04]","(-148,1.48e+04]","(3.08e+04,3.96e+04]","(-270,3.95e+04]","(-2.21,423]","(-54.7,1.75e+04]","(3.07e+04,6.14e+04]","(0.678,0.775]","(-88.8,2.01e+04]","(1.84e+04,2.62e+04]","(3.23e+04,4.26e+04]","(-48.2,4.82e+03]"
119,COMMUNITY AND PUBLIC HEALTH,Health,19735,130,8575,16075,0.652129817,7460,34000,21000,45000,5225,7385,1854,"(5e+03,6.67e+03]","(-148,1.48e+04]","(3.08e+04,3.96e+04]","(-270,3.95e+04]","(-2.21,423]","(-54.7,1.75e+04]","(-307,3.07e+04]","(0.581,0.678]","(-88.8,2.01e+04]","(1.84e+04,2.62e+04]","(4.26e+04,5.29e+04]","(-48.2,4.82e+03]"
120,MATHEMATICS TEACHER EDUCATION,Education,14237,123,4103,15632,0.792095262,8073,34000,30000,40000,10699,1977,786,"(1e+04,1.17e+04]","(-148,1.48e+04]","(3.08e+04,3.96e+04]","(-270,3.95e+04]","(-2.21,423]","(-54.7,1.75e+04]","(-307,3.07e+04]","(0.775,0.872]","(-88.8,2.01e+04]","(2.62e+04,3.38e+04]","(3.23e+04,4.26e+04]","(-48.2,4.82e+03]"
121,EDUCATIONAL ADMINISTRATION AND SUPERVISION,Education,804,5,78253,63698,0.448732309,504,34000,29000,35000,346,206,111,"(0,1.67e+03]","(-148,1.48e+04]","(3.08e+04,3.96e+04]","(-270,3.95e+04]","(-2.21,423]","(6.96e+04,8.7e+04]","(6.14e+04,9.21e+04]","(0.388,0.484]","(-88.8,2.01e+04]","(2.62e+04,3.38e+04]","(3.23e+04,4.26e+04]","(-48.2,4.82e+03]"
122,HEALTH AND MEDICAL PREPARATORY PROGRAMS,Health,12740,31,4747,5959,0.556603774,3236,33500,23000,40000,3051,3539,1159,"(1.67e+03,3.33e+03]","(-148,1.48e+04]","(3.08e+04,3.96e+04]","(-270,3.95e+04]","(-2.21,423]","(-54.7,1.75e+04]","(-307,3.07e+04]","(0.484,0.581]","(-88.8,2.01e+04]","(1.84e+04,2.62e+04]","(3.23e+04,4.26e+04]","(-48.2,4.82e+03]"
123,MISCELLANEOUS BIOLOGY,Biology & Life Science,10706,63,5521,7219,0.566640502,4542,33500,23000,48000,4253,2722,459,"(3.33e+03,5e+03]","(-148,1.48e+04]","(3.08e+04,3.96e+04]","(-270,3.95e+04]","(-2.21,423]","(-54.7,1.75e+04]","(-307,3.07e+04]","(0.484,0.581]","(-88.8,2.01e+04]","(1.84e+04,2.62e+04]","(4.26e+04,5.29e+04]","(-48.2,4.82e+03]"
124,BIOLOGY,Biology & Life Science,280709,1370,111762,168947,0.601858152,100336,33400,24000,45000,88232,81109,28339,"(1.5e+04,1.52e+05]","(7.42e+04,8.9e+04]","(3.08e+04,3.96e+04]","(2.76e+05,3.15e+05]","(1.26e+03,1.69e+03]","(1.04e+05,1.22e+05]","(1.54e+05,1.84e+05]","(0.581,0.678]","(1e+05,1.2e+05]","(1.84e+04,2.62e+04]","(4.26e+04,5.29e+04]","(2.41e+04,2.89e+04]"
125,SOCIOLOGY,Social Science,115433,1024,24704,28120,0.532333788,56561,33000,25000,44000,29051,48899,13748,"(1.5e+04,1.52e+05]","(4.45e+04,5.94e+04]","(3.08e+04,3.96e+04]","(7.88e+04,1.18e+05]","(844,1.26e+03]","(1.75e+04,3.49e+04]","(-307,3.07e+04]","(0.484,0.581]","(4.01e+04,6e+04]","(1.84e+04,2.62e+04]","(4.26e+04,5.29e+04]","(9.64e+03,1.45e+04]"
126,MASS MEDIA,Communications & Journalism,52824,590,3741,26730,0.877227528,27521,33000,25000,45000,12855,25297,6429,"(1.17e+04,1.33e+04]","(1.48e+04,2.97e+04]","(3.08e+04,3.96e+04]","(3.95e+04,7.88e+04]","(423,844]","(-54.7,1.75e+04]","(-307,3.07e+04]","(0.872,0.97]","(2.01e+04,4.01e+04]","(1.84e+04,2.62e+04]","(4.26e+04,5.29e+04]","(4.82e+03,9.64e+03]"
127,TREATMENT THERAPY PROFESSIONS,Health,48491,224,3654,6496,0.64,21735,33000,24000,41000,22215,14616,4468,"(1.5e+04,1.52e+05]","(-148,1.48e+04]","(3.08e+04,3.96e+04]","(3.95e+04,7.88e+04]","(-2.21,423]","(-54.7,1.75e+04]","(-307,3.07e+04]","(0.581,0.678]","(2.01e+04,4.01e+04]","(1.84e+04,2.62e+04]","(3.23e+04,4.26e+04]","(-48.2,4.82e+03]"
128,HOSPITALITY MANAGEMENT,Business,43647,546,4416,12185,0.733991928,23106,33000,25000,42000,2325,23341,9063,"(1.67e+03,3.33e+03]","(1.48e+04,2.97e+04]","(3.08e+04,3.96e+04]","(3.95e+04,7.88e+04]","(423,844]","(-54.7,1.75e+04]","(-307,3.07e+04]","(0.678,0.775]","(2.01e+04,4.01e+04]","(1.84e+04,2.62e+04]","(3.23e+04,4.26e+04]","(4.82e+03,9.64e+03]"
129,LANGUAGE AND DRAMA EDUCATION,Education,30471,235,3878,5276,0.576360061,15266,33000,24000,40000,17985,6824,2819,"(1.5e+04,1.52e+05]","(-148,1.48e+04]","(3.08e+04,3.96e+04]","(-270,3.95e+04]","(-2.21,423]","(-54.7,1.75e+04]","(-307,3.07e+04]","(0.484,0.581]","(-88.8,2.01e+04]","(1.84e+04,2.62e+04]","(3.23e+04,4.26e+04]","(-48.2,4.82e+03]"
130,LINGUISTICS AND COMPARATIVE LANGUAGE AND LITERATURE,Humanities & Liberal Arts,16601,88,2337,7579,0.76432029,5821,33000,25000,40000,4122,5695,2085,"(3.33e+03,5e+03]","(-148,1.48e+04]","(3.08e+04,3.96e+04]","(-270,3.95e+04]","(-2.21,423]","(-54.7,1.75e+04]","(-307,3.07e+04]","(0.678,0.775]","(-88.8,2.01e+04]","(1.84e+04,2.62e+04]","(3.23e+04,4.26e+04]","(-48.2,4.82e+03]"
131,MISCELLANEOUS EDUCATION,Education,10150,126,32510,82923,0.718364766,5816,33000,30000,45000,5284,2438,657,"(5e+03,6.67e+03]","(-148,1.48e+04]","(3.08e+04,3.96e+04]","(-270,3.95e+04]","(-2.21,423]","(1.75e+04,3.49e+04]","(6.14e+04,9.21e+04]","(0.678,0.775]","(-88.8,2.01e+04]","(2.62e+04,3.38e+04]","(4.26e+04,5.29e+04]","(-48.2,4.82e+03]"
132,INTERDISCIPLINARY SOCIAL SCIENCES,Social Science,9916,95,13487,35004,0.721865913,4714,33000,24000,40000,2630,3906,1470,"(1.67e+03,3.33e+03]","(-148,1.48e+04]","(3.08e+04,3.96e+04]","(-270,3.95e+04]","(-2.21,423]","(-54.7,1.75e+04]","(3.07e+04,6.14e+04]","(0.678,0.775]","(-88.8,2.01e+04]","(1.84e+04,2.62e+04]","(3.23e+04,4.26e+04]","(-48.2,4.82e+03]"
133,ECOLOGY,Biology & Life Science,9154,86,15204,28443,0.651659908,3912,33000,23000,42000,2856,4159,976,"(1.67e+03,3.33e+03]","(-148,1.48e+04]","(3.08e+04,3.96e+04]","(-270,3.95e+04]","(-2.21,423]","(-54.7,1.75e+04]","(-307,3.07e+04]","(0.581,0.678]","(-88.8,2.01e+04]","(1.84e+04,2.62e+04]","(3.23e+04,4.26e+04]","(-48.2,4.82e+03]"
134,SECONDARY TEACHER EDUCATION,Education,17125,156,6820,10305,0.601751825,9193,32500,25000,38000,10304,3967,1385,"(1e+04,1.17e+04]","(-148,1.48e+04]","(3.08e+04,3.96e+04]","(-270,3.95e+04]","(-2.21,423]","(-54.7,1.75e+04]","(-307,3.07e+04]","(0.581,0.678]","(-88.8,2.01e+04]","(1.84e+04,2.62e+04]","(3.23e+04,4.26e+04]","(-48.2,4.82e+03]"
135,GENERAL MEDICAL AND HEALTH SERVICES,Health,33599,202,7574,26025,0.774576624,12809,32400,25000,45000,9364,12889,3816,"(8.33e+03,1e+04]","(-148,1.48e+04]","(3.08e+04,3.96e+04]","(-270,3.95e+04]","(-2.21,423]","(-54.7,1.75e+04]","(-307,3.07e+04]","(0.678,0.775]","(-88.8,2.01e+04]","(1.84e+04,2.62e+04]","(4.26e+04,5.29e+04]","(-48.2,4.82e+03]"
136,PHILOSOPHY AND RELIGIOUS STUDIES,Humanities & Liberal Arts,54814,375,31967,22847,0.416809574,21816,32200,23000,47100,14444,20313,8051,"(1.33e+04,1.5e+04]","(1.48e+04,2.97e+04]","(3.08e+04,3.96e+04]","(3.95e+04,7.88e+04]","(-2.21,423]","(1.75e+04,3.49e+04]","(-307,3.07e+04]","(0.388,0.484]","(2.01e+04,4.01e+04]","(1.84e+04,2.62e+04]","(4.26e+04,5.29e+04]","(4.82e+03,9.64e+03]"
137,ART AND MUSIC EDUCATION,Education,34181,338,10732,23449,0.6860244,16537,32100,25000,40000,20821,8260,2767,"(1.5e+04,1.52e+05]","(-148,1.48e+04]","(3.08e+04,3.96e+04]","(-270,3.95e+04]","(-2.21,423]","(-54.7,1.75e+04]","(-307,3.07e+04]","(0.678,0.775]","(-88.8,2.01e+04]","(1.84e+04,2.62e+04]","(3.23e+04,4.26e+04]","(-48.2,4.82e+03]"
138,ENGLISH LANGUAGE AND LITERATURE,Humanities & Liberal Arts,194673,1436,4897,2519,0.339670982,81180,32000,23000,41000,57690,71827,26503,"(1.5e+04,1.52e+05]","(5.94e+04,7.42e+04]","(3.08e+04,3.96e+04]","(1.58e+05,1.97e+05]","(1.26e+03,1.69e+03]","(-54.7,1.75e+04]","(-307,3.07e+04]","(0.291,0.388]","(8e+04,1e+05]","(1.84e+04,2.62e+04]","(3.23e+04,4.26e+04]","(2.41e+04,2.89e+04]"
139,ELEMENTARY EDUCATION,Education,170862,1629,13029,157833,0.923745479,86540,32000,23400,38000,108085,36972,11502,"(1.5e+04,1.52e+05]","(2.97e+04,4.45e+04]","(3.08e+04,3.96e+04]","(1.58e+05,1.97e+05]","(1.26e+03,1.69e+03]","(-54.7,1.75e+04]","(1.54e+05,1.84e+05]","(0.872,0.97]","(8e+04,1e+05]","(1.84e+04,2.62e+04]","(3.23e+04,4.26e+04]","(9.64e+03,1.45e+04]"
140,PHYSICAL FITNESS PARKS RECREATION AND LEISURE,Industrial Arts & Consumer Services,125074,1014,2049,4434,0.683942619,57978,32000,24000,43000,27581,63946,16838,"(1.5e+04,1.52e+05]","(5.94e+04,7.42e+04]","(3.08e+04,3.96e+04]","(1.18e+05,1.58e+05]","(844,1.26e+03]","(-54.7,1.75e+04]","(-307,3.07e+04]","(0.678,0.775]","(4.01e+04,6e+04]","(1.84e+04,2.62e+04]","(4.26e+04,5.29e+04]","(1.45e+04,1.93e+04]"
141,LIBERAL ARTS,Humanities & Liberal Arts,71369,569,58227,136446,0.70089843,33438,32000,25000,42000,18565,28558,9030,"(1.5e+04,1.52e+05]","(1.48e+04,2.97e+04]","(3.08e+04,3.96e+04]","(3.95e+04,7.88e+04]","(423,844]","(5.22e+04,6.96e+04]","(1.23e+05,1.54e+05]","(0.678,0.775]","(2.01e+04,4.01e+04]","(1.84e+04,2.62e+04]","(3.23e+04,4.26e+04]","(4.82e+03,9.64e+03]"
142,FILM VIDEO AND PHOTOGRAPHIC ARTS,Arts,38761,331,22339,49030,0.686992952,15740,32000,22000,42000,7368,20721,5862,"(6.67e+03,8.33e+03]","(1.48e+04,2.97e+04]","(3.08e+04,3.96e+04]","(-270,3.95e+04]","(-2.21,423]","(1.75e+04,3.49e+04]","(3.07e+04,6.14e+04]","(0.678,0.775]","(-88.8,2.01e+04]","(1.84e+04,2.62e+04]","(3.23e+04,4.26e+04]","(4.82e+03,9.64e+03]"
143,GENERAL SOCIAL SCIENCES,Social Science,12920,113,62181,62893,0.502846315,5679,32000,27000,50000,3602,4778,1634,"(3.33e+03,5e+03]","(-148,1.48e+04]","(3.08e+04,3.96e+04]","(-270,3.95e+04]","(-2.21,423]","(5.22e+04,6.96e+04]","(6.14e+04,9.21e+04]","(0.484,0.581]","(-88.8,2.01e+04]","(2.62e+04,3.38e+04]","(4.26e+04,5.29e+04]","(-48.2,4.82e+03]"
144,PLANT SCIENCE AND AGRONOMY,Agriculture & Natural Resources,7416,110,5079,7841,0.606888545,4522,32000,22900,40000,2089,3545,1231,"(1.67e+03,3.33e+03]","(-148,1.48e+04]","(3.08e+04,3.96e+04]","(-270,3.95e+04]","(-2.21,423]","(-54.7,1.75e+04]","(-307,3.07e+04]","(0.581,0.678]","(-88.8,2.01e+04]","(1.84e+04,2.62e+04]","(3.23e+04,4.26e+04]","(-48.2,4.82e+03]"
145,SCIENCE AND COMPUTER TEACHER EDUCATION,Education,6483,59,22357,16404,0.423208896,3247,32000,28000,39000,4214,1106,591,"(3.33e+03,5e+03]","(-148,1.48e+04]","(3.08e+04,3.96e+04]","(-270,3.95e+04]","(-2.21,423]","(1.75e+04,3.49e+04]","(-307,3.07e+04]","(0.388,0.484]","(-88.8,2.01e+04]","(2.62e+04,3.38e+04]","(3.23e+04,4.26e+04]","(-48.2,4.82e+03]"
146,PSYCHOLOGY,Psychology & Social Work,393735,2584,86648,307087,0.779933204,174438,31500,24000,41000,125148,141860,48207,"(1.5e+04,1.52e+05]","(1.34e+05,1.49e+05]","(3.08e+04,3.96e+04]","(3.54e+05,3.94e+05]","(2.53e+03,2.95e+03]","(6.96e+04,8.7e+04]","(2.76e+05,3.07e+05]","(0.775,0.872]","(1.6e+05,1.8e+05]","(1.84e+04,2.62e+04]","(3.23e+04,4.26e+04]","(4.34e+04,4.83e+04]"
147,MUSIC,Arts,60633,419,15670,12543,0.444582285,21425,31000,22300,42000,13752,28786,9286,"(1.33e+04,1.5e+04]","(1.48e+04,2.97e+04]","(3.08e+04,3.96e+04]","(3.95e+04,7.88e+04]","(-2.21,423]","(-54.7,1.75e+04]","(-307,3.07e+04]","(0.388,0.484]","(2.01e+04,4.01e+04]","(1.84e+04,2.62e+04]","(3.23e+04,4.26e+04]","(4.82e+03,9.64e+03]"
148,PHYSICAL AND HEALTH EDUCATION TEACHING,Education,28213,259,29909,30724,0.506720763,13651,31000,24000,40000,12777,9328,2042,"(1.17e+04,1.33e+04]","(-148,1.48e+04]","(3.08e+04,3.96e+04]","(-270,3.95e+04]","(-2.21,423]","(1.75e+04,3.49e+04]","(3.07e+04,6.14e+04]","(0.484,0.581]","(-88.8,2.01e+04]","(1.84e+04,2.62e+04]","(3.23e+04,4.26e+04]","(-48.2,4.82e+03]"
149,ART HISTORY AND CRITICISM,Humanities & Liberal Arts,21030,204,3240,17790,0.845934379,9965,31000,23000,40000,5139,9738,3426,"(5e+03,6.67e+03]","(-148,1.48e+04]","(3.08e+04,3.96e+04]","(-270,3.95e+04]","(-2.21,423]","(-54.7,1.75e+04]","(-307,3.07e+04]","(0.775,0.872]","(-88.8,2.01e+04]","(1.84e+04,2.62e+04]","(3.23e+04,4.26e+04]","(-48.2,4.82e+03]"
150,FINE ARTS,Arts,74440,623,24786,49654,0.667033853,31877,30500,21000,41000,20792,32725,11880,"(1.5e+04,1.52e+05]","(2.97e+04,4.45e+04]","(2.19e+04,3.08e+04]","(3.95e+04,7.88e+04]","(423,844]","(1.75e+04,3.49e+04]","(3.07e+04,6.14e+04]","(0.581,0.678]","(2.01e+04,4.01e+04]","(1.84e+04,2.62e+04]","(3.23e+04,4.26e+04]","(9.64e+03,1.45e+04]"
151,FAMILY AND CONSUMER SCIENCES,Industrial Arts & Consumer Services,58001,518,5347,16226,0.752143884,26906,30000,22900,40000,20985,20133,5248,"(1.5e+04,1.52e+05]","(1.48e+04,2.97e+04]","(2.19e+04,3.08e+04]","(3.95e+04,7.88e+04]","(423,844]","(-54.7,1.75e+04]","(-307,3.07e+04]","(0.678,0.775]","(2.01e+04,4.01e+04]","(1.84e+04,2.62e+04]","(3.23e+04,4.26e+04]","(4.82e+03,9.64e+03]"
152,SOCIAL WORK,Psychology & Social Work,53552,374,2734,11709,0.810704147,27588,30000,25000,35000,27449,14416,4344,"(1.5e+04,1.52e+05]","(-148,1.48e+04]","(2.19e+04,3.08e+04]","(3.95e+04,7.88e+04]","(-2.21,423]","(-54.7,1.75e+04]","(-307,3.07e+04]","(0.775,0.872]","(2.01e+04,4.01e+04]","(1.84e+04,2.62e+04]","(3.23e+04,4.26e+04]","(-48.2,4.82e+03]"
153,ANIMAL SCIENCES,Agriculture & Natural Resources,21573,255,5166,52835,0.91093257,10824,30000,22000,40000,5443,9571,2125,"(5e+03,6.67e+03]","(-148,1.48e+04]","(2.19e+04,3.08e+04]","(-270,3.95e+04]","(-2.21,423]","(-54.7,1.75e+04]","(3.07e+04,6.14e+04]","(0.872,0.97]","(-88.8,2.01e+04]","(1.84e+04,2.62e+04]","(3.23e+04,4.26e+04]","(-48.2,4.82e+03]"
154,VISUAL AND PERFORMING ARTS,Arts,16250,132,2013,4639,0.697384245,6322,30000,22000,40000,3849,7635,2840,"(3.33e+03,5e+03]","(-148,1.48e+04]","(2.19e+04,3.08e+04]","(-270,3.95e+04]","(-2.21,423]","(-54.7,1.75e+04]","(-307,3.07e+04]","(0.678,0.775]","(-88.8,2.01e+04]","(1.84e+04,2.62e+04]","(3.23e+04,4.26e+04]","(-48.2,4.82e+03]"
155,TEACHER EDUCATION: MULTIPLE LEVELS,Education,14443,142,1936,7692,0.798919817,8457,30000,24000,37000,10766,1949,722,"(1e+04,1.17e+04]","(-148,1.48e+04]","(2.19e+04,3.08e+04]","(-270,3.95e+04]","(-2.21,423]","(-54.7,1.75e+04]","(-307,3.07e+04]","(0.775,0.872]","(-88.8,2.01e+04]","(1.84e+04,2.62e+04]","(3.23e+04,4.26e+04]","(-48.2,4.82e+03]"
156,MISCELLANEOUS PSYCHOLOGY,Psychology & Social Work,9628,60,885,8489,0.90558993,3838,30000,20800,40000,2960,3948,1650,"(1.67e+03,3.33e+03]","(-148,1.48e+04]","(2.19e+04,3.08e+04]","(-270,3.95e+04]","(-2.21,423]","(-54.7,1.75e+04]","(-307,3.07e+04]","(0.872,0.97]","(-88.8,2.01e+04]","(1.84e+04,2.62e+04]","(3.23e+04,4.26e+04]","(-48.2,4.82e+03]"
157,HUMAN SERVICES AND COMMUNITY ORGANIZATION,Psychology & Social Work,9374,89,5137,48415,0.904074544,5061,30000,24000,35000,2878,4595,724,"(1.67e+03,3.33e+03]","(-148,1.48e+04]","(2.19e+04,3.08e+04]","(-270,3.95e+04]","(-2.21,423]","(-54.7,1.75e+04]","(3.07e+04,6.14e+04]","(0.872,0.97]","(-88.8,2.01e+04]","(1.84e+04,2.62e+04]","(3.23e+04,4.26e+04]","(-48.2,4.82e+03]"
158,HUMANITIES,Humanities & Liberal Arts,6652,49,4133,12117,0.745661538,2661,30000,20000,49000,1168,3354,1141,"(0,1.67e+03]","(-148,1.48e+04]","(2.19e+04,3.08e+04]","(-270,3.95e+04]","(-2.21,423]","(-54.7,1.75e+04]","(-307,3.07e+04]","(0.678,0.775]","(-88.8,2.01e+04]","(1.84e+04,2.62e+04]","(4.26e+04,5.29e+04]","(-48.2,4.82e+03]"
159,THEOLOGY AND RELIGIOUS VOCATIONS,Humanities & Liberal Arts,30207,310,404,1084,0.728494624,13944,29000,22000,38000,9927,12037,3304,"(8.33e+03,1e+04]","(-148,1.48e+04]","(2.19e+04,3.08e+04]","(-270,3.95e+04]","(-2.21,423]","(-54.7,1.75e+04]","(-307,3.07e+04]","(0.678,0.775]","(-88.8,2.01e+04]","(1.84e+04,2.62e+04]","(3.23e+04,4.26e+04]","(-48.2,4.82e+03]"
160,STUDIO ARTS,Arts,16977,182,4364,6146,0.584776403,7413,29000,19200,38300,3948,8707,3586,"(3.33e+03,5e+03]","(-148,1.48e+04]","(2.19e+04,3.08e+04]","(-270,3.95e+04]","(-2.21,423]","(-54.7,1.75e+04]","(-307,3.07e+04]","(0.581,0.678]","(-88.8,2.01e+04]","(1.84e+04,2.62e+04]","(3.23e+04,4.26e+04]","(-48.2,4.82e+03]"
161,COSMETOLOGY SERVICES AND CULINARY ARTS,Industrial Arts & Consumer Services,10510,117,18616,11591,0.383719006,5949,29000,20000,36000,563,7384,3163,"(0,1.67e+03]","(-148,1.48e+04]","(2.19e+04,3.08e+04]","(-270,3.95e+04]","(-2.21,423]","(1.75e+04,3.49e+04]","(-307,3.07e+04]","(0.291,0.388]","(-88.8,2.01e+04]","(1.84e+04,2.62e+04]","(3.23e+04,4.26e+04]","(-48.2,4.82e+03]"
162,MISCELLANEOUS AGRICULTURE,Agriculture & Natural Resources,1488,24,4754,12223,0.719974083,936,29000,23000,42100,483,626,31,"(0,1.67e+03]","(-148,1.48e+04]","(2.19e+04,3.08e+04]","(-270,3.95e+04]","(-2.21,423]","(-54.7,1.75e+04]","(-307,3.07e+04]","(0.678,0.775]","(-88.8,2.01e+04]","(1.84e+04,2.62e+04]","(3.23e+04,4.26e+04]","(-48.2,4.82e+03]"
163,ANTHROPOLOGY AND ARCHEOLOGY,Humanities & Liberal Arts,38844,247,1167,36422,0.968953683,13232,28000,20000,38000,9805,16693,6866,"(8.33e+03,1e+04]","(1.48e+04,2.97e+04]","(2.19e+04,3.08e+04]","(-270,3.95e+04]","(-2.21,423]","(-54.7,1.75e+04]","(3.07e+04,6.14e+04]","(0.872,0.97]","(-88.8,2.01e+04]","(1.84e+04,2.62e+04]","(3.23e+04,4.26e+04]","(4.82e+03,9.64e+03]"
164,COMMUNICATION DISORDERS SCIENCES AND SERVICES,Health,38279,95,11376,27468,0.707136237,14460,28000,20000,40000,19957,9404,5125,"(1.5e+04,1.52e+05]","(-148,1.48e+04]","(2.19e+04,3.08e+04]","(-270,3.95e+04]","(-2.21,423]","(-54.7,1.75e+04]","(-307,3.07e+04]","(0.678,0.775]","(-88.8,2.01e+04]","(1.84e+04,2.62e+04]","(3.23e+04,4.26e+04]","(4.82e+03,9.64e+03]"
165,EARLY CHILDHOOD EDUCATION,Education,37589,342,1225,37054,0.967998119,20748,28000,21000,35000,23515,7705,2868,"(1.5e+04,1.52e+05]","(-148,1.48e+04]","(2.19e+04,3.08e+04]","(-270,3.95e+04]","(-2.21,423]","(-54.7,1.75e+04]","(3.07e+04,6.14e+04]","(0.872,0.97]","(2.01e+04,4.01e+04]","(1.84e+04,2.62e+04]","(3.23e+04,4.26e+04]","(-48.2,4.82e+03]"
166,OTHER FOREIGN LANGUAGES,Humanities & Liberal Arts,11204,56,3472,7732,0.690110675,3214,27500,22900,38000,2326,3703,1115,"(1.67e+03,3.33e+03]","(-148,1.48e+04]","(2.19e+04,3.08e+04]","(-270,3.95e+04]","(-2.21,423]","(-54.7,1.75e+04]","(-307,3.07e+04]","(0.678,0.775]","(-88.8,2.01e+04]","(1.84e+04,2.62e+04]","(3.23e+04,4.26e+04]","(-48.2,4.82e+03]"
167,DRAMA AND THEATER ARTS,Arts,43249,357,7022,11931,0.629504564,16891,27000,19200,35000,6994,25313,11068,"(6.67e+03,8.33e+03]","(1.48e+04,2.97e+04]","(2.19e+04,3.08e+04]","(3.95e+04,7.88e+04]","(-2.21,423]","(-54.7,1.75e+04]","(-307,3.07e+04]","(0.581,0.678]","(-88.8,2.01e+04]","(1.84e+04,2.62e+04]","(3.23e+04,4.26e+04]","(9.64e+03,1.45e+04]"
168,COMPOSITION AND RHETORIC,Humanities & Liberal Arts,18953,151,14440,28809,0.666119448,7832,27000,20000,35000,4855,8100,3466,"(3.33e+03,5e+03]","(-148,1.48e+04]","(2.19e+04,3.08e+04]","(-270,3.95e+04]","(-2.21,423]","(-54.7,1.75e+04]","(-307,3.07e+04]","(0.581,0.678]","(-88.8,2.01e+04]","(1.84e+04,2.62e+04]","(3.23e+04,4.26e+04]","(-48.2,4.82e+03]"
169,ZOOLOGY,Biology & Life Science,8409,47,3050,5359,0.637293376,3602,26000,20000,39000,2771,2947,743,"(1.67e+03,3.33e+03]","(-148,1.48e+04]","(2.19e+04,3.08e+04]","(-270,3.95e+04]","(-2.21,423]","(-54.7,1.75e+04]","(-307,3.07e+04]","(0.581,0.678]","(-88.8,2.01e+04]","(1.84e+04,2.62e+04]","(3.23e+04,4.26e+04]","(-48.2,4.82e+03]"
170,EDUCATIONAL PSYCHOLOGY,Psychology & Social Work,2854,7,522,2332,0.817098809,1211,25000,24000,34000,1488,615,82,"(0,1.67e+03]","(-148,1.48e+04]","(2.19e+04,3.08e+04]","(-270,3.95e+04]","(-2.21,423]","(-54.7,1.75e+04]","(-307,3.07e+04]","(0.775,0.872]","(-88.8,2.01e+04]","(1.84e+04,2.62e+04]","(3.23e+04,4.26e+04]","(-48.2,4.82e+03]"
171,CLINICAL PSYCHOLOGY,Psychology & Social Work,2838,13,568,2270,0.799859056,1293,25000,25000,40000,986,870,622,"(0,1.67e+03]","(-148,1.48e+04]","(2.19e+04,3.08e+04]","(-270,3.95e+04]","(-2.21,423]","(-54.7,1.75e+04]","(-307,3.07e+04]","(0.775,0.872]","(-88.8,2.01e+04]","(1.84e+04,2.62e+04]","(3.23e+04,4.26e+04]","(-48.2,4.82e+03]"
172,COUNSELING PSYCHOLOGY,Psychology & Social Work,4626,21,931,3695,0.798746217,2738,23400,19200,26000,2403,1245,308,"(1.67e+03,3.33e+03]","(-148,1.48e+04]","(2.19e+04,3.08e+04]","(-270,3.95e+04]","(-2.21,423]","(-54.7,1.75e+04]","(-307,3.07e+04]","(0.775,0.872]","(-88.8,2.01e+04]","(1.84e+04,2.62e+04]","(2.19e+04,3.23e+04]","(-48.2,4.82e+03]"
173,LIBRARY SCIENCE,Education,1098,2,134,964,0.877959927,410,22000,20000,22000,288,338,192,"(0,1.67e+03]","(-148,1.48e+04]","(2.19e+04,3.08e+04]","(-270,3.95e+04]","(-2.21,423]","(-54.7,1.75e+04]","(-307,3.07e+04]","(0.872,0.97]","(-88.8,2.01e+04]","(1.84e+04,2.62e+04]","(2.19e+04,3.23e+04]","(-48.2,4.82e+03]"
