pokedex_number,base_total,hp,attack,sp_attack,defense,sp_defense,speed,type1,type2,percentage_male,ability1,ability2,ability3,weight_kg,is_legendary,generation
1,318,45,49,65,49,65,45,grass,poison,88.1,Overgrow,NA,Chlorophyll,6.9,Non-legendary,1
2,405,60,62,80,63,80,60,grass,poison,88.1,Overgrow,NA,Chlorophyll,13,Non-legendary,1
3,625,80,100,122,123,120,80,grass,poison,88.1,Overgrow,NA,Chlorophyll,100,Non-legendary,1
4,309,39,52,60,43,50,65,fire,NA,88.1,Blaze,NA,Solar Power,8.5,Non-legendary,1
5,405,58,64,80,58,65,80,fire,NA,88.1,Blaze,NA,Solar Power,19,Non-legendary,1
6,634,78,104,159,78,115,100,fire,flying,88.1,Blaze,NA,Solar Power,90.5,Non-legendary,1
7,314,44,48,50,65,64,43,water,NA,88.1,Torrent,NA,Rain Dish,9,Non-legendary,1
8,405,59,63,65,80,80,58,water,NA,88.1,Torrent,NA,Rain Dish,22.5,Non-legendary,1
9,630,79,103,135,120,115,78,water,NA,88.1,Torrent,NA,Rain Dish,85.5,Non-legendary,1
10,195,45,30,20,35,20,45,bug,NA,50,Shield Dust,NA,Run Away,2.9,Non-legendary,1
11,205,50,20,25,55,25,30,bug,NA,50,Shed Skin,NA,NA,9.9,Non-legendary,1
12,395,60,45,90,50,80,70,bug,flying,50,Compoundeyes,NA,Tinted Lens,32,Non-legendary,1
13,195,40,35,20,30,20,50,bug,poison,50,Shield Dust,NA,Run Away,3.2,Non-legendary,1
14,205,45,25,25,50,25,35,bug,poison,50,Shed Skin,NA,NA,10,Non-legendary,1
15,495,65,150,15,40,80,145,bug,poison,50,Swarm,NA,Sniper,29.5,Non-legendary,1
16,251,40,45,35,40,35,56,normal,flying,50,Keen Eye,Tangled Feet,Big Pecks,1.8,Non-legendary,1
17,349,63,60,50,55,50,71,normal,flying,50,Keen Eye,Tangled Feet,Big Pecks,30,Non-legendary,1
18,579,83,80,135,80,80,121,normal,flying,50,Keen Eye,Tangled Feet,Big Pecks,39.5,Non-legendary,1
19,253,30,56,25,35,35,72,normal,NA,50,Run Away,Guts,Hustle,NA,Non-legendary,1
20,413,75,71,40,70,80,77,normal,NA,50,Run Away,Guts,Hustle,NA,Non-legendary,1
21,262,40,60,31,30,31,70,normal,flying,50,Keen Eye,NA,Sniper,2,Non-legendary,1
22,442,65,90,61,65,61,100,normal,flying,50,Keen Eye,NA,Sniper,38,Non-legendary,1
23,288,35,60,40,44,54,55,poison,NA,50,Intimidate,Shed Skin,Unnerve,6.9,Non-legendary,1
24,448,60,95,65,69,79,80,poison,NA,50,Intimidate,Shed Skin,Unnerve,65,Non-legendary,1
25,320,35,55,50,40,50,90,electric,NA,50,Static,NA,Lightningrod,6,Non-legendary,1
26,485,60,85,95,50,85,110,electric,NA,50,Static,NA,Lightning Rod,NA,Non-legendary,1
27,300,50,75,10,90,35,40,ground,NA,50,Sand Veil,NA,Sand Rush,NA,Non-legendary,1
28,450,75,100,25,120,65,65,ground,NA,50,Sand Veil,NA,Sand Rush,NA,Non-legendary,1
29,275,55,47,40,52,40,41,poison,NA,0,Poison Point,Rivalry,Hustle,7,Non-legendary,1
30,365,70,62,55,67,55,56,poison,NA,0,Poison Point,Rivalry,Hustle,20,Non-legendary,1
31,505,90,92,75,87,85,76,poison,ground,0,Poison Point,Rivalry,Sheer Force,60,Non-legendary,1
32,273,46,57,40,40,40,50,poison,NA,100,Poison Point,Rivalry,Hustle,9,Non-legendary,1
33,365,61,72,55,57,55,65,poison,NA,100,Poison Point,Rivalry,Hustle,19.5,Non-legendary,1
34,505,81,102,85,77,75,85,poison,ground,100,Poison Point,Rivalry,Sheer Force,62,Non-legendary,1
35,323,70,45,60,48,65,35,fairy,NA,24.6,Cute Charm,Magic Guard,Friend Guard,7.5,Non-legendary,1
36,483,95,70,95,73,90,60,fairy,NA,24.6,Cute Charm,Magic Guard,Unaware,40,Non-legendary,1
37,299,38,41,50,40,65,65,fire,NA,24.6,Flash Fire,NA,Drought,NA,Non-legendary,1
38,505,73,67,81,75,100,109,fire,NA,24.6,Flash Fire,NA,Drought,NA,Non-legendary,1
39,270,115,45,45,20,25,20,normal,fairy,24.6,Cute Charm,Competitive,Friend Guard,5.5,Non-legendary,1
40,435,140,70,85,45,50,45,normal,fairy,24.6,Cute Charm,Competitive,Frisk,12,Non-legendary,1
41,245,40,45,30,35,40,55,poison,flying,50,Inner Focus,NA,Infiltrator,7.5,Non-legendary,1
42,455,75,80,65,70,75,90,poison,flying,50,Inner Focus,NA,Infiltrator,55,Non-legendary,1
43,320,45,50,75,55,65,30,grass,poison,50,Chlorophyll,NA,Run Away,5.4,Non-legendary,1
44,395,60,65,85,70,75,40,grass,poison,50,Chlorophyll,NA,Stench,8.6,Non-legendary,1
45,490,75,80,110,85,90,50,grass,poison,50,Chlorophyll,NA,Effect Spore,18.6,Non-legendary,1
46,285,35,70,45,55,55,25,bug,grass,50,Effect Spore,Dry Skin,Damp,5.4,Non-legendary,1
47,405,60,95,60,80,80,30,bug,grass,50,Effect Spore,Dry Skin,Damp,29.5,Non-legendary,1
48,305,60,55,40,50,55,45,bug,poison,50,Compoundeyes,Tinted Lens,Run Away,30,Non-legendary,1
49,450,70,65,90,60,75,90,bug,poison,50,Shield Dust,Tinted Lens,Wonder Skin,12.5,Non-legendary,1
50,265,10,55,35,30,45,90,ground,NA,50,Sand Veil,Arena Trap,Sand Force,NA,Non-legendary,1
51,425,35,100,50,60,70,110,ground,NA,50,Sand Veil,Arena Trap,Sand Force,NA,Non-legendary,1
52,290,40,35,50,35,40,90,normal,NA,50,Pickup,Technician,Unnerve,NA,Non-legendary,1
53,440,65,60,75,60,65,115,normal,NA,50,Limber,Technician,Unnerve,NA,Non-legendary,1
54,320,50,52,65,48,50,55,water,NA,50,Damp,Cloud Nine,Swift Swim,19.6,Non-legendary,1
55,500,80,82,95,78,80,85,water,NA,50,Damp,Cloud Nine,Swift Swim,76.6,Non-legendary,1
56,305,40,80,35,35,45,70,fighting,NA,50,Vital Spirit,Anger Point,Defiant,28,Non-legendary,1
57,455,65,105,60,60,70,95,fighting,NA,50,Vital Spirit,Anger Point,Defiant,32,Non-legendary,1
58,350,55,70,70,45,50,60,fire,NA,75.4,Intimidate,Flash Fire,Justified,19,Non-legendary,1
59,555,90,110,100,80,80,95,fire,NA,75.4,Intimidate,Flash Fire,Justified,155,Non-legendary,1
60,300,40,50,40,40,40,90,water,NA,50,Water Absorb,Damp,Swift Swim,12.4,Non-legendary,1
61,385,65,65,50,65,50,90,water,NA,50,Water Absorb,Damp,Swift Swim,20,Non-legendary,1
62,510,90,95,70,95,90,70,water,fighting,50,Water Absorb,Damp,Swift Swim,54,Non-legendary,1
63,310,25,20,105,15,55,90,psychic,NA,75.4,Synchronize,Inner Focus,Magic Guard,19.5,Non-legendary,1
64,400,40,35,120,30,70,105,psychic,NA,75.4,Synchronize,Inner Focus,Magic Guard,56.5,Non-legendary,1
65,600,55,50,175,65,105,150,psychic,NA,75.4,Synchronize,Inner Focus,Magic Guard,48,Non-legendary,1
66,305,70,80,35,50,35,35,fighting,NA,75.4,Guts,No Guard,Steadfast,19.5,Non-legendary,1
67,405,80,100,50,70,60,45,fighting,NA,75.4,Guts,No Guard,Steadfast,70.5,Non-legendary,1
68,505,90,130,65,80,85,55,fighting,NA,75.4,Guts,No Guard,Steadfast,130,Non-legendary,1
69,300,50,75,70,35,30,40,grass,poison,50,Chlorophyll,NA,Gluttony,4,Non-legendary,1
70,390,65,90,85,50,45,55,grass,poison,50,Chlorophyll,NA,Gluttony,6.4,Non-legendary,1
71,490,80,105,100,65,70,70,grass,poison,50,Chlorophyll,NA,Gluttony,15.5,Non-legendary,1
72,335,40,40,50,35,100,70,water,poison,50,Clear Body,Liquid Ooze,Rain Dish,45.5,Non-legendary,1
73,515,80,70,80,65,120,100,water,poison,50,Clear Body,Liquid Ooze,Rain Dish,55,Non-legendary,1
74,300,40,80,30,100,30,20,rock,ground,50,Rock Head,Sturdy,Sand Veil,NA,Non-legendary,1
75,390,55,95,45,115,45,35,rock,ground,50,Rock Head,Sturdy,Sand Veil,NA,Non-legendary,1
76,495,80,120,55,130,65,45,rock,ground,50,Rock Head,Sturdy,Sand Veil,NA,Non-legendary,1
77,410,50,85,65,55,65,90,fire,NA,50,Run Away,Flash Fire,Flame Body,30,Non-legendary,1
78,500,65,100,80,70,80,105,fire,NA,50,Run Away,Flash Fire,Flame Body,95,Non-legendary,1
79,315,90,65,40,65,40,15,water,psychic,50,Oblivious,Own Tempo,Regenerator,36,Non-legendary,1
80,590,95,75,130,180,80,30,water,psychic,50,Oblivious,Own Tempo,Regenerator,78.5,Non-legendary,1
81,325,25,35,95,70,55,45,electric,steel,NA,Magnet Pull,Sturdy,Analytic,6,Non-legendary,1
82,465,50,60,120,95,70,70,electric,steel,NA,Magnet Pull,Sturdy,Analytic,60,Non-legendary,1
83,377,52,90,58,55,62,60,normal,flying,50,Keen Eye,Inner Focus,Defiant,15,Non-legendary,1
84,310,35,85,35,45,35,75,normal,flying,50,Run Away,Early Bird,Tangled Feet,39.2,Non-legendary,1
85,470,60,110,60,70,60,110,normal,flying,50,Run Away,Early Bird,Tangled Feet,85.2,Non-legendary,1
86,325,65,45,45,55,70,45,water,NA,50,Thick Fat,Hydration,Ice Body,90,Non-legendary,1
87,475,90,70,70,80,95,70,water,ice,50,Thick Fat,Hydration,Ice Body,120,Non-legendary,1
88,325,80,80,40,50,50,25,poison,NA,50,Stench,Sticky Hold,Poison Touch,NA,Non-legendary,1
89,500,105,105,65,75,100,50,poison,NA,50,Stench,Sticky Hold,Poison Touch,NA,Non-legendary,1
90,305,30,65,45,100,25,40,water,NA,50,Shell Armor,Skill Link,Overcoat,4,Non-legendary,1
91,525,50,95,85,180,45,70,water,ice,50,Shell Armor,Skill Link,Overcoat,132.5,Non-legendary,1
92,310,30,35,100,30,35,80,ghost,poison,50,Levitate,NA,NA,0.1,Non-legendary,1
93,405,45,50,115,45,55,95,ghost,poison,50,Levitate,NA,NA,0.1,Non-legendary,1
94,600,60,65,170,80,95,130,ghost,poison,50,Cursed Body,NA,NA,40.5,Non-legendary,1
95,385,35,45,30,160,45,70,rock,ground,50,Rock Head,Sturdy,Weak Armor,210,Non-legendary,1
96,328,60,48,43,45,90,42,psychic,NA,50,Insomnia,Forewarn,Inner Focus,32.4,Non-legendary,1
97,483,85,73,73,70,115,67,psychic,NA,50,Insomnia,Forewarn,Inner Focus,75.6,Non-legendary,1
98,325,30,105,25,90,25,50,water,NA,50,Hyper Cutter,Shell Armor,Sheer Force,6.5,Non-legendary,1
99,475,55,130,50,115,50,75,water,NA,50,Hyper Cutter,Shell Armor,Sheer Force,60,Non-legendary,1
100,330,40,30,55,50,55,100,electric,NA,NA,Soundproof,Static,Aftermath,10.4,Non-legendary,1
101,490,60,50,80,70,80,150,electric,NA,NA,Soundproof,Static,Aftermath,66.6,Non-legendary,1
102,325,60,40,60,80,45,40,grass,psychic,50,Chlorophyll,NA,Harvest,2.5,Non-legendary,1
103,530,95,105,125,85,75,45,grass,psychic,50,Chlorophyll,NA,Harvest,NA,Non-legendary,1
104,320,50,50,40,95,50,35,ground,NA,50,Rock Head,Lightningrod,Battle Armor,6.5,Non-legendary,1
105,425,60,80,50,110,80,45,ground,NA,50,Rock Head,Lightning Rod,Battle Armor,NA,Non-legendary,1
106,455,50,120,35,53,110,87,fighting,NA,100,Limber,Reckless,Unburden,49.8,Non-legendary,1
107,455,50,105,35,79,110,76,fighting,NA,100,Keen Eye,Iron Fist,Inner Focus,50.2,Non-legendary,1
108,385,90,55,60,75,75,30,normal,NA,50,Own Tempo,Oblivious,Cloud Nine,65.5,Non-legendary,1
109,340,40,65,60,95,45,35,poison,NA,50,Levitate,NA,NA,1,Non-legendary,1
110,490,65,90,85,120,70,60,poison,NA,50,Levitate,NA,NA,9.5,Non-legendary,1
111,345,80,85,30,95,30,25,ground,rock,50,Lightningrod,Rock Head,Reckless,115,Non-legendary,1
112,485,105,130,45,120,45,40,ground,rock,50,Lightningrod,Rock Head,Reckless,120,Non-legendary,1
113,450,250,5,35,5,105,50,normal,NA,0,Natural Cure,Serene Grace,Healer,34.6,Non-legendary,1
114,435,65,55,100,115,40,60,grass,NA,50,Chlorophyll,Leaf Guard,Regenerator,35,Non-legendary,1
115,590,105,125,60,100,100,100,normal,NA,0,Early Bird,Scrappy,Inner Focus,80,Non-legendary,1
116,295,30,40,70,70,25,60,water,NA,50,Swift Swim,Sniper,Damp,8,Non-legendary,1
117,440,55,65,95,95,45,85,water,NA,50,Poison Point,Sniper,Damp,25,Non-legendary,1
118,320,45,67,35,60,50,63,water,NA,50,Swift Swim,Water Veil,Lightningrod,15,Non-legendary,1
119,450,80,92,65,65,80,68,water,NA,50,Swift Swim,Water Veil,Lightningrod,39,Non-legendary,1
120,340,30,45,70,55,55,85,water,NA,NA,Illuminate,Natural Cure,Analytic,34.5,Non-legendary,1
121,520,60,75,100,85,85,115,water,psychic,NA,Illuminate,Natural Cure,Analytic,80,Non-legendary,1
122,460,40,45,100,65,120,90,psychic,fairy,50,Soundproof,Filter,Technician,54.5,Non-legendary,1
123,500,70,110,55,80,80,105,bug,flying,50,Swarm,Technician,Steadfast,56,Non-legendary,1
124,455,65,50,115,35,95,95,ice,psychic,0,Oblivious,Forewarn,Dry Skin,40.6,Non-legendary,1
125,490,65,83,95,57,85,105,electric,NA,75.4,Static,NA,Vital Spirit,30,Non-legendary,1
126,495,65,95,100,57,85,93,fire,NA,75.4,Flame Body,NA,Vital Spirit,44.5,Non-legendary,1
127,600,65,155,65,120,90,105,bug,NA,50,Hyper Cutter,Mold Breaker,Moxie,55,Non-legendary,1
128,490,75,100,40,95,70,110,normal,NA,100,Intimidate,Anger Point,Sheer Force,88.4,Non-legendary,1
129,200,20,10,15,55,20,80,water,NA,50,Swift Swim,NA,Rattled,10,Non-legendary,1
130,640,95,155,70,109,130,81,water,flying,50,Intimidate,NA,Moxie,235,Non-legendary,1
131,535,130,85,85,80,95,60,water,ice,50,Water Absorb,Shell Armor,Hydration,220,Non-legendary,1
132,288,48,48,48,48,48,48,normal,NA,NA,Limber,NA,Imposter,4,Non-legendary,1
133,325,55,55,45,50,65,55,normal,NA,88.1,Run Away,Adaptability,Anticipation,6.5,Non-legendary,1
134,525,130,65,110,60,95,65,water,NA,88.1,Water Absorb,NA,Hydration,29,Non-legendary,1
135,525,65,65,110,60,95,130,electric,NA,88.1,Volt Absorb,NA,Quick Feet,24.5,Non-legendary,1
136,525,65,130,95,60,110,65,fire,NA,88.1,Flash Fire,NA,Guts,25,Non-legendary,1
137,395,65,60,85,70,75,40,normal,NA,NA,Trace,Download,Analytic,36.5,Non-legendary,1
138,355,35,40,90,100,55,35,rock,water,88.1,Swift Swim,Shell Armor,Weak Armor,7.5,Non-legendary,1
139,495,70,60,115,125,70,55,rock,water,88.1,Swift Swim,Shell Armor,Weak Armor,35,Non-legendary,1
140,355,30,80,55,90,45,55,rock,water,88.1,Swift Swim,Battle Armor,Weak Armor,11.5,Non-legendary,1
141,495,60,115,65,105,70,80,rock,water,88.1,Swift Swim,Battle Armor,Weak Armor,40.5,Non-legendary,1
142,615,80,135,70,85,95,150,rock,flying,88.1,Rock Head,Pressure,Unnerve,59,Non-legendary,1
143,540,160,110,65,65,110,30,normal,NA,88.1,Immunity,Thick Fat,Gluttony,460,Non-legendary,1
144,580,90,85,95,100,125,85,ice,flying,NA,Pressure,NA,Snow Cloak,55.4,Legendary,1
145,580,90,90,125,85,90,100,electric,flying,NA,Pressure,NA,Static,52.6,Legendary,1
146,580,90,100,125,90,85,90,fire,flying,NA,Pressure,NA,Flame Body,60,Legendary,1
147,300,41,64,50,45,50,50,dragon,NA,50,Shed Skin,NA,Marvel Scale,3.3,Non-legendary,1
148,420,61,84,70,65,70,70,dragon,NA,50,Shed Skin,NA,Marvel Scale,16.5,Non-legendary,1
149,600,91,134,100,95,100,80,dragon,flying,50,Inner Focus,NA,Multiscale,210,Non-legendary,1
150,780,106,150,194,70,120,140,psychic,NA,NA,Pressure,NA,Unnerve,122,Legendary,1
151,600,100,100,100,100,100,100,psychic,NA,NA,Synchronize,NA,NA,4,Legendary,1
152,318,45,49,49,65,65,45,grass,NA,88.1,Overgrow,NA,Leaf Guard,6.4,Non-legendary,2
153,405,60,62,63,80,80,60,grass,NA,88.1,Overgrow,NA,Leaf Guard,15.8,Non-legendary,2
154,525,80,82,83,100,100,80,grass,NA,88.1,Overgrow,NA,Leaf Guard,100.5,Non-legendary,2
155,309,39,52,60,43,50,65,fire,NA,88.1,Blaze,NA,Flash Fire,7.9,Non-legendary,2
156,405,58,64,80,58,65,80,fire,NA,88.1,Blaze,NA,Flash Fire,19,Non-legendary,2
157,534,78,84,109,78,85,100,fire,NA,88.1,Blaze,NA,Flash Fire,79.5,Non-legendary,2
158,314,50,65,44,64,48,43,water,NA,88.1,Torrent,NA,Sheer Force,9.5,Non-legendary,2
159,405,65,80,59,80,63,58,water,NA,88.1,Torrent,NA,Sheer Force,25,Non-legendary,2
160,530,85,105,79,100,83,78,water,NA,88.1,Torrent,NA,Sheer Force,88.8,Non-legendary,2
161,215,35,46,35,34,45,20,normal,NA,50,Run Away,Keen Eye,Frisk,6,Non-legendary,2
162,415,85,76,45,64,55,90,normal,NA,50,Run Away,Keen Eye,Frisk,32.5,Non-legendary,2
163,262,60,30,36,30,56,50,normal,flying,50,Insomnia,Keen Eye,Tinted Lens,21.2,Non-legendary,2
164,452,100,50,86,50,96,70,normal,flying,50,Insomnia,Keen Eye,Tinted Lens,40.8,Non-legendary,2
165,265,40,20,40,30,80,55,bug,flying,50,Swarm,Early Bird,Rattled,10.8,Non-legendary,2
166,390,55,35,55,50,110,85,bug,flying,50,Swarm,Early Bird,Iron Fist,35.6,Non-legendary,2
167,250,40,60,40,40,40,30,bug,poison,50,Swarm,Insomnia,Sniper,8.5,Non-legendary,2
168,400,70,90,60,70,70,40,bug,poison,50,Swarm,Insomnia,Sniper,33.5,Non-legendary,2
169,535,85,90,70,80,80,130,poison,flying,50,Inner Focus,NA,Infiltrator,75,Non-legendary,2
170,330,75,38,56,38,56,67,water,electric,50,Volt Absorb,Illuminate,Water Absorb,12,Non-legendary,2
171,460,125,58,76,58,76,67,water,electric,50,Volt Absorb,Illuminate,Water Absorb,22.5,Non-legendary,2
172,205,20,40,35,15,35,60,electric,NA,50,Static,NA,Lightningrod,2,Non-legendary,2
173,218,50,25,45,28,55,15,fairy,NA,24.6,Cute Charm,Magic Guard,Friend Guard,3,Non-legendary,2
174,210,90,30,40,15,20,15,normal,fairy,24.6,Cute Charm,Competitive,Friend Guard,1,Non-legendary,2
175,245,35,20,40,65,65,20,fairy,NA,88.1,Hustle,Serene Grace,Super Luck,1.5,Non-legendary,2
176,405,55,40,80,85,105,40,fairy,flying,88.1,Hustle,Serene Grace,Super Luck,3.2,Non-legendary,2
177,320,40,50,70,45,45,70,psychic,flying,50,Synchronize,Early Bird,Magic Bounce,2,Non-legendary,2
178,470,65,75,95,70,70,95,psychic,flying,50,Synchronize,Early Bird,Magic Bounce,15,Non-legendary,2
179,280,55,40,65,40,45,35,electric,NA,50,Static,NA,Plus,7.8,Non-legendary,2
180,365,70,55,80,55,60,45,electric,NA,50,Static,NA,Plus,13.3,Non-legendary,2
181,610,90,95,165,105,110,45,electric,NA,50,Static,NA,Plus,61.5,Non-legendary,2
182,490,75,80,90,95,100,50,grass,NA,50,Chlorophyll,NA,Healer,5.8,Non-legendary,2
183,250,70,20,20,50,50,40,water,fairy,50,Thick Fat,Huge Power,Sap Sipper,8.5,Non-legendary,2
184,420,100,50,60,80,80,50,water,fairy,50,Thick Fat,Huge Power,Sap Sipper,28.5,Non-legendary,2
185,410,70,100,30,115,65,30,rock,NA,50,Sturdy,Rock Head,Rattled,38,Non-legendary,2
186,500,90,75,90,75,100,70,water,NA,50,Water Absorb,Damp,Drizzle,33.9,Non-legendary,2
187,250,35,35,35,40,55,50,grass,flying,50,Chlorophyll,Leaf Guard,Infiltrator,0.5,Non-legendary,2
188,340,55,45,45,50,65,80,grass,flying,50,Chlorophyll,Leaf Guard,Infiltrator,1,Non-legendary,2
189,460,75,55,55,70,95,110,grass,flying,50,Chlorophyll,Leaf Guard,Infiltrator,3,Non-legendary,2
190,360,55,70,40,55,55,85,normal,NA,50,Run Away,Pickup,Skill Link,11.5,Non-legendary,2
191,180,30,30,30,30,30,30,grass,NA,50,Chlorophyll,Solar Power,Early Bird,1.8,Non-legendary,2
192,425,75,75,105,55,85,30,grass,NA,50,Chlorophyll,Solar Power,Early Bird,8.5,Non-legendary,2
193,390,65,65,75,45,45,95,bug,flying,50,Speed Boost,Compoundeyes,Frisk,38,Non-legendary,2
194,210,55,45,25,45,25,15,water,ground,50,Damp,Water Absorb,Unaware,8.5,Non-legendary,2
195,430,95,85,65,85,65,35,water,ground,50,Damp,Water Absorb,Unaware,75,Non-legendary,2
196,525,65,65,130,60,95,110,psychic,NA,88.1,Synchronize,NA,Magic Bounce,26.5,Non-legendary,2
197,525,95,65,60,110,130,65,dark,NA,88.1,Synchronize,NA,Inner Focus,27,Non-legendary,2
198,405,60,85,85,42,42,91,dark,flying,50,Insomnia,Super Luck,Prankster,2.1,Non-legendary,2
199,490,95,75,100,80,110,30,water,psychic,50,Oblivious,Own Tempo,Regenerator,79.5,Non-legendary,2
200,435,60,60,85,60,85,85,ghost,NA,50,Levitate,NA,NA,1,Non-legendary,2
201,336,48,72,72,48,48,48,psychic,NA,NA,Levitate,NA,NA,5,Non-legendary,2
202,405,190,33,33,58,58,33,psychic,NA,50,Shadow Tag,NA,Telepathy,28.5,Non-legendary,2
203,455,70,80,90,65,65,85,normal,psychic,50,Inner Focus,Early Bird,Sap Sipper,41.5,Non-legendary,2
204,290,50,65,35,90,35,15,bug,NA,50,Sturdy,NA,Overcoat,7.2,Non-legendary,2
205,465,75,90,60,140,60,40,bug,steel,50,Sturdy,NA,Overcoat,125.8,Non-legendary,2
206,415,100,70,65,70,65,45,normal,NA,50,Serene Grace,Run Away,Rattled,14,Non-legendary,2
207,430,65,75,35,105,65,85,ground,flying,50,Hyper Cutter,Sand Veil,Immunity,64.8,Non-legendary,2
208,610,75,125,55,230,95,30,steel,ground,50,Rock Head,Sturdy,Sheer Force,400,Non-legendary,2
209,300,60,80,40,50,40,30,fairy,NA,24.6,Intimidate,Run Away,Rattled,7.8,Non-legendary,2
210,450,90,120,60,75,60,45,fairy,NA,24.6,Intimidate,Quick Feet,Rattled,48.7,Non-legendary,2
211,440,65,95,55,85,55,85,water,poison,50,Poison Point,Swift Swim,Intimidate,3.9,Non-legendary,2
212,600,70,150,65,140,100,75,bug,steel,50,Swarm,Technician,Light Metal,118,Non-legendary,2
213,505,20,10,10,230,230,5,bug,rock,50,Sturdy,Gluttony,Contrary,20.5,Non-legendary,2
214,600,80,185,40,115,105,75,bug,fighting,50,Swarm,Guts,Moxie,54,Non-legendary,2
215,430,55,95,35,55,75,115,dark,ice,50,Inner Focus,Keen Eye,Pickpocket,28,Non-legendary,2
216,330,60,80,50,50,50,40,normal,NA,50,Pickup,Quick Feet,Honey Gather,8.8,Non-legendary,2
217,500,90,130,75,75,75,55,normal,NA,50,Guts,Quick Feet,Unnerve,125.8,Non-legendary,2
218,250,40,40,70,40,40,20,fire,NA,50,Magma Armor,Flame Body,Weak Armor,35,Non-legendary,2
219,430,60,50,90,120,80,30,fire,rock,50,Magma Armor,Flame Body,Weak Armor,55,Non-legendary,2
220,250,50,50,30,40,30,50,ice,ground,50,Oblivious,Snow Cloak,Thick Fat,6.5,Non-legendary,2
221,450,100,100,60,80,60,50,ice,ground,50,Oblivious,Snow Cloak,Thick Fat,55.8,Non-legendary,2
222,410,65,55,65,95,95,35,water,rock,24.6,Hustle,Natural Cure,Regenerator,5,Non-legendary,2
223,300,35,65,65,35,35,65,water,NA,50,Hustle,Sniper,Moody,12,Non-legendary,2
224,480,75,105,105,75,75,45,water,NA,50,Suction Cups,Sniper,Moody,28.5,Non-legendary,2
225,330,45,55,65,45,45,75,ice,flying,50,Vital Spirit,Hustle,Insomnia,16,Non-legendary,2
226,485,85,40,80,70,140,70,water,flying,50,Swift Swim,Water Absorb,Water Veil,220,Non-legendary,2
227,465,65,80,40,140,70,70,steel,flying,50,Keen Eye,Sturdy,Weak Armor,50.5,Non-legendary,2
228,330,45,60,80,30,50,65,dark,fire,50,Early Bird,Flash Fire,Unnerve,10.8,Non-legendary,2
229,600,75,90,140,90,90,115,dark,fire,50,Early Bird,Flash Fire,Unnerve,35,Non-legendary,2
230,540,75,95,95,95,95,85,water,dragon,50,Swift Swim,Sniper,Damp,152,Non-legendary,2
231,330,90,60,40,60,40,40,ground,NA,50,Pickup,NA,Sand Veil,33.5,Non-legendary,2
232,500,90,120,60,120,60,50,ground,NA,50,Sturdy,NA,Sand Veil,120,Non-legendary,2
233,515,85,80,105,90,95,60,normal,NA,NA,Trace,Download,Analytic,32.5,Non-legendary,2
234,465,73,95,85,62,65,85,normal,NA,50,Intimidate,Frisk,Sap Sipper,71.2,Non-legendary,2
235,250,55,20,20,35,45,75,normal,NA,50,Own Tempo,Technician,Moody,58,Non-legendary,2
236,210,35,35,35,35,35,35,fighting,NA,100,Guts,Steadfast,Vital Spirit,21,Non-legendary,2
237,455,50,95,35,95,110,70,fighting,NA,100,Intimidate,Technician,Steadfast,48,Non-legendary,2
238,305,45,30,85,15,65,65,ice,psychic,0,Oblivious,Forewarn,Hydration,6,Non-legendary,2
239,360,45,63,65,37,55,95,electric,NA,75.4,Static,NA,Vital Spirit,23.5,Non-legendary,2
240,365,45,75,70,37,55,83,fire,NA,75.4,Flame Body,NA,Vital Spirit,21.4,Non-legendary,2
241,490,95,80,40,105,70,100,normal,NA,0,Thick Fat,Scrappy,Sap Sipper,75.5,Non-legendary,2
242,540,255,10,75,10,135,55,normal,NA,0,Natural Cure,Serene Grace,Healer,46.8,Non-legendary,2
243,580,90,85,115,75,100,115,electric,NA,NA,Pressure,NA,Inner Focus,178,Legendary,2
244,580,115,115,90,85,75,100,fire,NA,NA,Pressure,NA,Inner Focus,198,Legendary,2
245,580,100,75,90,115,115,85,water,NA,NA,Pressure,NA,Inner Focus,187,Legendary,2
246,300,50,64,45,50,50,41,rock,ground,50,Guts,NA,Sand Veil,72,Non-legendary,2
247,410,70,84,65,70,70,51,rock,ground,50,Shed Skin,NA,NA,152,Non-legendary,2
248,700,100,164,95,150,120,71,rock,dark,50,Sand Stream,NA,Unnerve,202,Non-legendary,2
249,680,106,90,90,130,154,110,psychic,flying,NA,Pressure,NA,Multiscale,216,Legendary,2
250,680,106,130,110,90,154,90,fire,flying,NA,Pressure,NA,Regenerator,199,Legendary,2
251,600,100,100,100,100,100,100,psychic,grass,NA,Natural Cure,NA,NA,5,Legendary,2
252,310,40,45,65,35,55,70,grass,NA,88.1,Overgrow,NA,Unburden,5,Non-legendary,3
253,405,50,65,85,45,65,95,grass,NA,88.1,Overgrow,NA,Unburden,21.6,Non-legendary,3
254,630,70,110,145,75,85,145,grass,NA,88.1,Overgrow,NA,Unburden,52.2,Non-legendary,3
255,310,45,60,70,40,50,45,fire,NA,88.1,Blaze,NA,Speed Boost,2.5,Non-legendary,3
256,405,60,85,85,60,60,55,fire,fighting,88.1,Blaze,NA,Speed Boost,19.5,Non-legendary,3
257,630,80,160,130,80,80,100,fire,fighting,88.1,Blaze,NA,Speed Boost,52,Non-legendary,3
258,310,50,70,50,50,50,40,water,NA,88.1,Torrent,NA,Damp,7.6,Non-legendary,3
259,405,70,85,60,70,70,50,water,ground,88.1,Torrent,NA,Damp,28,Non-legendary,3
260,635,100,150,95,110,110,70,water,ground,88.1,Torrent,NA,Damp,81.9,Non-legendary,3
261,220,35,55,30,35,30,35,dark,NA,50,Run Away,Quick Feet,Rattled,13.6,Non-legendary,3
262,420,70,90,60,70,60,70,dark,NA,50,Intimidate,Quick Feet,Moxie,37,Non-legendary,3
263,240,38,30,30,41,41,60,normal,NA,50,Pickup,Gluttony,Quick Feet,17.5,Non-legendary,3
264,420,78,70,50,61,61,100,normal,NA,50,Pickup,Gluttony,Quick Feet,32.5,Non-legendary,3
265,195,45,45,20,35,30,20,bug,NA,50,Shield Dust,NA,Run Away,3.6,Non-legendary,3
266,205,50,35,25,55,25,15,bug,NA,50,Shed Skin,NA,NA,10,Non-legendary,3
267,395,60,70,100,50,50,65,bug,flying,50,Swarm,NA,Rivalry,28.4,Non-legendary,3
268,205,50,35,25,55,25,15,bug,NA,50,Shed Skin,NA,NA,11.5,Non-legendary,3
269,385,60,50,50,70,90,65,bug,poison,50,Shield Dust,NA,Compoundeyes,31.6,Non-legendary,3
270,220,40,30,40,30,50,30,water,grass,50,Swift Swim,Rain Dish,Own Tempo,2.6,Non-legendary,3
271,340,60,50,60,50,70,50,water,grass,50,Swift Swim,Rain Dish,Own Tempo,32.5,Non-legendary,3
272,480,80,70,90,70,100,70,water,grass,50,Swift Swim,Rain Dish,Own Tempo,55,Non-legendary,3
273,220,40,40,30,50,30,30,grass,NA,50,Chlorophyll,Early Bird,Pickpocket,4,Non-legendary,3
274,340,70,70,60,40,40,60,grass,dark,50,Chlorophyll,Early Bird,Pickpocket,28,Non-legendary,3
275,480,90,100,90,60,60,80,grass,dark,50,Chlorophyll,Early Bird,Pickpocket,59.6,Non-legendary,3
276,270,40,55,30,30,30,85,normal,flying,50,Guts,NA,Scrappy,2.3,Non-legendary,3
277,455,60,85,75,60,50,125,normal,flying,50,Guts,NA,Scrappy,19.8,Non-legendary,3
278,270,40,30,55,30,30,85,water,flying,50,Keen Eye,Hydration,Rain Dish,9.5,Non-legendary,3
279,440,60,50,95,100,70,65,water,flying,50,Keen Eye,Drizzle,Rain Dish,28,Non-legendary,3
280,198,28,25,45,25,35,40,psychic,fairy,50,Synchronize,Trace,Telepathy,6.6,Non-legendary,3
281,278,38,35,65,35,55,50,psychic,fairy,50,Synchronize,Trace,Telepathy,20.2,Non-legendary,3
282,618,68,85,165,65,135,100,psychic,fairy,50,Synchronize,Trace,Telepathy,48.4,Non-legendary,3
283,269,40,30,50,32,52,65,bug,water,50,Swift Swim,NA,Rain Dish,1.7,Non-legendary,3
284,454,70,60,100,62,82,80,bug,flying,50,Intimidate,NA,Unnerve,3.6,Non-legendary,3
285,295,60,40,40,60,60,35,grass,NA,50,Effect Spore,Poison Heal,Quick Feet,4.5,Non-legendary,3
286,460,60,130,60,80,60,70,grass,fighting,50,Effect Spore,Poison Heal,Technician,39.2,Non-legendary,3
287,280,60,60,35,60,35,30,normal,NA,50,Truant,NA,NA,24,Non-legendary,3
288,440,80,80,55,80,55,90,normal,NA,50,Vital Spirit,NA,NA,46.5,Non-legendary,3
289,670,150,160,95,100,65,100,normal,NA,50,Truant,NA,NA,130.5,Non-legendary,3
290,266,31,45,30,90,30,40,bug,ground,50,Compoundeyes,NA,Run Away,5.5,Non-legendary,3
291,456,61,90,50,45,50,160,bug,flying,50,Speed Boost,NA,Infiltrator,12,Non-legendary,3
292,236,1,90,30,45,30,40,bug,ghost,NA,Wonder Guard,NA,NA,1.2,Non-legendary,3
293,240,64,51,51,23,23,28,normal,NA,50,Soundproof,NA,Rattled,16.3,Non-legendary,3
294,360,84,71,71,43,43,48,normal,NA,50,Soundproof,NA,Scrappy,40.5,Non-legendary,3
295,490,104,91,91,63,73,68,normal,NA,50,Soundproof,NA,Scrappy,84,Non-legendary,3
296,237,72,60,20,30,30,25,fighting,NA,75.4,Thick Fat,Guts,Sheer Force,86.4,Non-legendary,3
297,474,144,120,40,60,60,50,fighting,NA,75.4,Thick Fat,Guts,Sheer Force,253.8,Non-legendary,3
298,190,50,20,20,40,40,20,normal,fairy,24.6,Thick Fat,Huge Power,Sap Sipper,2,Non-legendary,3
299,375,30,45,45,135,90,30,rock,NA,50,Sturdy,Magnet Pull,Sand Force,97,Non-legendary,3
300,260,50,45,35,45,35,50,normal,NA,24.6,Cute Charm,Normalize,Wonder Skin,11,Non-legendary,3
301,400,70,65,55,65,55,90,normal,NA,24.6,Cute Charm,Normalize,Wonder Skin,32.6,Non-legendary,3
302,480,50,85,85,125,115,20,dark,ghost,50,Keen Eye,Stall,Prankster,11,Non-legendary,3
303,480,50,105,55,125,95,50,steel,fairy,50,Hyper Cutter,Intimidate,Sheer Force,11.5,Non-legendary,3
304,330,50,70,40,100,40,30,steel,rock,50,Sturdy,Rock Head,Heavy Metal,60,Non-legendary,3
305,430,60,90,50,140,50,40,steel,rock,50,Sturdy,Rock Head,Heavy Metal,120,Non-legendary,3
306,630,70,140,60,230,80,50,steel,rock,50,Sturdy,Rock Head,Heavy Metal,360,Non-legendary,3
307,280,30,40,40,55,55,60,fighting,psychic,50,Pure Power,NA,Telepathy,11.2,Non-legendary,3
308,510,60,100,80,85,85,100,fighting,psychic,50,Pure Power,NA,Telepathy,31.5,Non-legendary,3
309,295,40,45,65,40,40,65,electric,NA,50,Static,Lightningrod,Minus,15.2,Non-legendary,3
310,575,70,75,135,80,80,135,electric,NA,50,Static,Lightningrod,Minus,40.2,Non-legendary,3
311,405,60,50,85,40,75,95,electric,NA,50,Plus,NA,Lightningrod,4.2,Non-legendary,3
312,405,60,40,75,50,85,95,electric,NA,50,Minus,NA,Volt Absorb,4.2,Non-legendary,3
313,430,65,73,47,75,85,85,bug,NA,100,Illuminate,Swarm,Prankster,17.7,Non-legendary,3
314,430,65,47,73,75,85,85,bug,NA,0,Oblivious,Tinted Lens,Prankster,17.7,Non-legendary,3
315,400,50,60,100,45,80,65,grass,poison,50,Natural Cure,Poison Point,Leaf Guard,2,Non-legendary,3
316,302,70,43,43,53,53,40,poison,NA,50,Liquid Ooze,Sticky Hold,Gluttony,10.3,Non-legendary,3
317,467,100,73,73,83,83,55,poison,NA,50,Liquid Ooze,Sticky Hold,Gluttony,80,Non-legendary,3
318,305,45,90,65,20,20,65,water,dark,50,Rough Skin,NA,Speed Boost,20.8,Non-legendary,3
319,560,70,140,110,70,65,105,water,dark,50,Rough Skin,NA,Speed Boost,88.8,Non-legendary,3
320,400,130,70,70,35,35,60,water,NA,50,Water Veil,Oblivious,Pressure,130,Non-legendary,3
321,500,170,90,90,45,45,60,water,NA,50,Water Veil,Oblivious,Pressure,398,Non-legendary,3
322,305,60,60,65,40,45,35,fire,ground,50,Oblivious,Simple,Own Tempo,24,Non-legendary,3
323,560,70,120,145,100,105,20,fire,ground,50,Magma Armor,Solid Rock,Anger Point,220,Non-legendary,3
324,470,70,85,85,140,70,20,fire,NA,50,White Smoke,Drought,Shell Armor,80.4,Non-legendary,3
325,330,60,25,70,35,80,60,psychic,NA,50,Thick Fat,Own Tempo,Gluttony,30.6,Non-legendary,3
326,470,80,45,90,65,110,80,psychic,NA,50,Thick Fat,Own Tempo,Gluttony,71.5,Non-legendary,3
327,360,60,60,60,60,60,60,normal,NA,50,Own Tempo,Tangled Feet,Contrary,5,Non-legendary,3
328,290,45,100,45,45,45,10,ground,NA,50,Hyper Cutter,Arena Trap,Sheer Force,15,Non-legendary,3
329,340,50,70,50,50,50,70,ground,dragon,50,Levitate,NA,NA,15.3,Non-legendary,3
330,520,80,100,80,80,80,100,ground,dragon,50,Levitate,NA,NA,82,Non-legendary,3
331,335,50,85,85,40,40,35,grass,NA,50,Sand Veil,NA,Water Absorb,51.3,Non-legendary,3
332,475,70,115,115,60,60,55,grass,dark,50,Sand Veil,NA,Water Absorb,77.4,Non-legendary,3
333,310,45,40,40,60,75,50,normal,flying,50,Natural Cure,NA,Cloud Nine,1.2,Non-legendary,3
334,590,75,110,110,110,105,80,dragon,flying,50,Natural Cure,NA,Cloud Nine,20.6,Non-legendary,3
335,458,73,115,60,60,60,90,normal,NA,50,Immunity,NA,Toxic Boost,40.3,Non-legendary,3
336,458,73,100,100,60,60,65,poison,NA,50,Shed Skin,NA,Infiltrator,52.5,Non-legendary,3
337,460,90,55,95,65,85,70,rock,psychic,NA,Levitate,NA,NA,168,Non-legendary,3
338,460,90,95,55,85,65,70,rock,psychic,NA,Levitate,NA,NA,154,Non-legendary,3
339,288,50,48,46,43,41,60,water,ground,50,Oblivious,Anticipation,Hydration,1.9,Non-legendary,3
340,468,110,78,76,73,71,60,water,ground,50,Oblivious,Anticipation,Hydration,23.6,Non-legendary,3
341,308,43,80,50,65,35,35,water,NA,50,Hyper Cutter,Shell Armor,Adaptability,11.5,Non-legendary,3
342,468,63,120,90,85,55,55,water,dark,50,Hyper Cutter,Shell Armor,Adaptability,32.8,Non-legendary,3
343,300,40,40,40,55,70,55,ground,psychic,NA,Levitate,NA,NA,21.5,Non-legendary,3
344,500,60,70,70,105,120,75,ground,psychic,NA,Levitate,NA,NA,108,Non-legendary,3
345,355,66,41,61,77,87,23,rock,grass,88.1,Suction Cups,NA,Storm Drain,23.8,Non-legendary,3
346,495,86,81,81,97,107,43,rock,grass,88.1,Suction Cups,NA,Storm Drain,60.4,Non-legendary,3
347,355,45,95,40,50,50,75,rock,bug,88.1,Battle Armor,NA,Swift Swim,12.5,Non-legendary,3
348,495,75,125,70,100,80,45,rock,bug,88.1,Battle Armor,NA,Swift Swim,68.2,Non-legendary,3
349,200,20,15,10,20,55,80,water,NA,50,Swift Swim,Oblivious,Adaptability,7.4,Non-legendary,3
350,540,95,60,100,79,125,81,water,NA,50,Marvel Scale,Competitive,Cute Charm,162,Non-legendary,3
351,420,70,70,70,70,70,70,normal,NA,50,Forecast,NA,NA,0.8,Non-legendary,3
352,440,60,90,60,70,120,40,normal,NA,50,Color Change,NA,Protean,22,Non-legendary,3
353,295,44,75,63,35,33,45,ghost,NA,50,Insomnia,Frisk,Cursed Body,2.3,Non-legendary,3
354,555,64,165,93,75,83,75,ghost,NA,50,Insomnia,Frisk,Cursed Body,12.5,Non-legendary,3
355,295,20,40,30,90,90,25,ghost,NA,50,Levitate,NA,Frisk,15,Non-legendary,3
356,455,40,70,60,130,130,25,ghost,NA,50,Pressure,NA,Frisk,30.6,Non-legendary,3
357,460,99,68,72,83,87,51,grass,flying,50,Chlorophyll,Solar Power,Harvest,100,Non-legendary,3
358,455,75,50,95,80,90,65,psychic,NA,50,Levitate,NA,NA,1,Non-legendary,3
359,565,65,150,115,60,60,115,dark,NA,50,Pressure,Super Luck,Justified,47,Non-legendary,3
360,260,95,23,23,48,48,23,psychic,NA,50,Shadow Tag,NA,Telepathy,14,Non-legendary,3
361,300,50,50,50,50,50,50,ice,NA,50,Inner Focus,Ice Body,Moody,16.8,Non-legendary,3
362,580,80,120,120,80,80,100,ice,NA,50,Inner Focus,Ice Body,Moody,256.5,Non-legendary,3
363,290,70,40,55,50,50,25,ice,water,50,Thick Fat,Ice Body,Oblivious,39.5,Non-legendary,3
364,410,90,60,75,70,70,45,ice,water,50,Thick Fat,Ice Body,Oblivious,87.6,Non-legendary,3
365,530,110,80,95,90,90,65,ice,water,50,Thick Fat,Ice Body,Oblivious,150.6,Non-legendary,3
366,345,35,64,74,85,55,32,water,NA,50,Shell Armor,NA,Rattled,52.5,Non-legendary,3
367,485,55,104,94,105,75,52,water,NA,50,Swift Swim,NA,Water Veil,27,Non-legendary,3
368,485,55,84,114,105,75,52,water,NA,50,Swift Swim,NA,Hydration,22.6,Non-legendary,3
369,485,100,90,45,130,65,55,water,rock,88.1,Swift Swim,Rock Head,Sturdy,23.4,Non-legendary,3
370,330,43,30,40,55,65,97,water,NA,24.6,Swift Swim,NA,Hydration,8.7,Non-legendary,3
371,300,45,75,40,60,30,50,dragon,NA,50,Rock Head,NA,Sheer Force,42.1,Non-legendary,3
372,420,65,95,60,100,50,50,dragon,NA,50,Rock Head,NA,Overcoat,110.5,Non-legendary,3
373,700,95,145,120,130,90,120,dragon,flying,50,Intimidate,NA,Moxie,102.6,Non-legendary,3
374,300,40,55,35,80,60,30,steel,psychic,NA,Clear Body,NA,Light Metal,95.2,Non-legendary,3
375,420,60,75,55,100,80,50,steel,psychic,NA,Clear Body,NA,Light Metal,202.5,Non-legendary,3
376,700,80,145,105,150,110,110,steel,psychic,NA,Clear Body,NA,Light Metal,550,Non-legendary,3
377,580,80,100,50,200,100,50,rock,NA,NA,Clear Body,NA,Sturdy,230,Legendary,3
378,580,80,50,100,100,200,50,ice,NA,NA,Clear Body,NA,Ice Body,175,Legendary,3
379,580,80,75,75,150,150,50,steel,NA,NA,Clear Body,NA,Light Metal,205,Legendary,3
380,700,80,100,140,120,150,110,dragon,psychic,0,Levitate,NA,NA,40,Legendary,3
381,700,80,130,160,100,120,110,dragon,psychic,100,Levitate,NA,NA,60,Legendary,3
382,770,100,150,180,90,160,90,water,NA,NA,Drizzle,NA,NA,352,Legendary,3
383,770,100,180,150,160,90,90,ground,NA,NA,Drought,NA,NA,950,Legendary,3
384,780,105,180,180,100,100,115,dragon,flying,NA,Air Lock,NA,NA,206.5,Legendary,3
385,600,100,100,100,100,100,100,steel,psychic,NA,Serene Grace,NA,NA,1.1,Legendary,3
386,600,50,95,95,90,90,180,psychic,NA,NA,Pressure,NA,NA,60.8,Legendary,3
387,318,55,68,45,64,55,31,grass,NA,88.1,Overgrow,NA,Shell Armor,10.2,Non-legendary,4
388,405,75,89,55,85,65,36,grass,NA,88.1,Overgrow,NA,Shell Armor,97,Non-legendary,4
389,525,95,109,75,105,85,56,grass,ground,88.1,Overgrow,NA,Shell Armor,310,Non-legendary,4
390,309,44,58,58,44,44,61,fire,NA,88.1,Blaze,NA,Iron Fist,6.2,Non-legendary,4
391,405,64,78,78,52,52,81,fire,fighting,88.1,Blaze,NA,Iron Fist,22,Non-legendary,4
392,534,76,104,104,71,71,108,fire,fighting,88.1,Blaze,NA,Iron Fist,55,Non-legendary,4
393,314,53,51,61,53,56,40,water,NA,88.1,Torrent,NA,Defiant,5.2,Non-legendary,4
394,405,64,66,81,68,76,50,water,NA,88.1,Torrent,NA,Defiant,23,Non-legendary,4
395,530,84,86,111,88,101,60,water,steel,88.1,Torrent,NA,Defiant,84.5,Non-legendary,4
396,245,40,55,30,30,30,60,normal,flying,50,Keen Eye,NA,Reckless,2,Non-legendary,4
397,340,55,75,40,50,40,80,normal,flying,50,Intimidate,NA,Reckless,15.5,Non-legendary,4
398,485,85,120,50,70,60,100,normal,flying,50,Intimidate,NA,Reckless,24.9,Non-legendary,4
399,250,59,45,35,40,40,31,normal,NA,50,Simple,Unaware,Moody,20,Non-legendary,4
400,410,79,85,55,60,60,71,normal,water,50,Simple,Unaware,Moody,31.5,Non-legendary,4
401,194,37,25,25,41,41,25,bug,NA,50,Shed Skin,NA,Run Away,2.2,Non-legendary,4
402,384,77,85,55,51,51,65,bug,NA,50,Swarm,NA,Technician,25.5,Non-legendary,4
403,263,45,65,40,34,34,45,electric,NA,50,Rivalry,Intimidate,Guts,9.5,Non-legendary,4
404,363,60,85,60,49,49,60,electric,NA,50,Rivalry,Intimidate,Guts,30.5,Non-legendary,4
405,523,80,120,95,79,79,70,electric,NA,50,Rivalry,Intimidate,Guts,42,Non-legendary,4
406,280,40,30,50,35,70,55,grass,poison,50,Natural Cure,Poison Point,Leaf Guard,1.2,Non-legendary,4
407,515,60,70,125,65,105,90,grass,poison,50,Natural Cure,Poison Point,Technician,14.5,Non-legendary,4
408,350,67,125,30,40,30,58,rock,NA,88.1,Mold Breaker,NA,Sheer Force,31.5,Non-legendary,4
409,495,97,165,65,60,50,58,rock,NA,88.1,Mold Breaker,NA,Sheer Force,102.5,Non-legendary,4
410,350,30,42,42,118,88,30,rock,steel,88.1,Sturdy,NA,Soundproof,57,Non-legendary,4
411,495,60,52,47,168,138,30,rock,steel,88.1,Sturdy,NA,Soundproof,149.5,Non-legendary,4
412,224,40,29,29,45,45,36,bug,NA,50,Shed Skin,NA,Overcoat,3.4,Non-legendary,4
413,424,60,69,69,95,95,36,bug,grass,0,Anticipation,NA,Overcoat,6.5,Non-legendary,4
414,424,70,94,94,50,50,66,bug,flying,100,Swarm,NA,Tinted Lens,23.3,Non-legendary,4
415,244,30,30,30,42,42,70,bug,flying,88.1,Honey Gather,NA,Hustle,5.5,Non-legendary,4
416,474,70,80,80,102,102,40,bug,flying,0,Pressure,NA,Unnerve,38.5,Non-legendary,4
417,405,60,45,45,70,90,95,electric,NA,50,Run Away,Pickup,Volt Absorb,3.9,Non-legendary,4
418,330,55,65,60,35,30,85,water,NA,50,Swift Swim,NA,Water Veil,29.5,Non-legendary,4
419,495,85,105,85,55,50,115,water,NA,50,Swift Swim,NA,Water Veil,33.5,Non-legendary,4
420,275,45,35,62,45,53,35,grass,NA,50,Chlorophyll,NA,NA,3.3,Non-legendary,4
421,450,70,60,87,70,78,85,grass,NA,50,Flower Gift,NA,NA,9.3,Non-legendary,4
422,325,76,48,57,48,62,34,water,NA,50,Sticky Hold,Storm Drain,Sand Force,6.3,Non-legendary,4
423,475,111,83,92,68,82,39,water,ground,50,Sticky Hold,Storm Drain,Sand Force,29.9,Non-legendary,4
424,482,75,100,60,66,66,115,normal,NA,50,Technician,Pickup,Skill Link,20.3,Non-legendary,4
425,348,90,50,60,34,44,70,ghost,flying,50,Aftermath,Unburden,Flare Boost,1.2,Non-legendary,4
426,498,150,80,90,44,54,80,ghost,flying,50,Aftermath,Unburden,Flare Boost,15,Non-legendary,4
427,350,55,66,44,44,56,85,normal,NA,50,Run Away,Klutz,Limber,5.5,Non-legendary,4
428,580,65,136,54,94,96,135,normal,NA,50,Cute Charm,Klutz,Limber,33.3,Non-legendary,4
429,495,60,60,105,60,105,105,ghost,NA,50,Levitate,NA,NA,4.4,Non-legendary,4
430,505,100,125,105,52,52,71,dark,flying,50,Insomnia,Super Luck,Moxie,27.3,Non-legendary,4
431,310,49,55,42,42,37,85,normal,NA,24.6,Limber,Own Tempo,Keen Eye,3.9,Non-legendary,4
432,452,71,82,64,64,59,112,normal,NA,24.6,Thick Fat,Own Tempo,Defiant,43.8,Non-legendary,4
433,285,45,30,65,50,50,45,psychic,NA,50,Levitate,NA,NA,0.6,Non-legendary,4
434,329,63,63,41,47,41,74,poison,dark,50,Stench,Aftermath,Keen Eye,19.2,Non-legendary,4
435,479,103,93,71,67,61,84,poison,dark,50,Stench,Aftermath,Keen Eye,38,Non-legendary,4
436,300,57,24,24,86,86,23,steel,psychic,NA,Levitate,Heatproof,Heavy Metal,60.5,Non-legendary,4
437,500,67,89,79,116,116,33,steel,psychic,NA,Levitate,Heatproof,Heavy Metal,187,Non-legendary,4
438,290,50,80,10,95,45,10,rock,NA,50,Sturdy,Rock Head,Rattled,15,Non-legendary,4
439,310,20,25,70,45,90,60,psychic,fairy,50,Soundproof,Filter,Technician,13,Non-legendary,4
440,220,100,5,15,5,65,30,normal,NA,0,Natural Cure,Serene Grace,Friend Guard,24.4,Non-legendary,4
441,411,76,65,92,45,42,91,normal,flying,50,Keen Eye,Tangled Feet,Big Pecks,1.9,Non-legendary,4
442,485,50,92,92,108,108,35,ghost,dark,50,Pressure,NA,Infiltrator,108,Non-legendary,4
443,300,58,70,40,45,45,42,dragon,ground,50,Sand Veil,NA,Rough Skin,20.5,Non-legendary,4
444,410,68,90,50,65,55,82,dragon,ground,50,Sand Veil,NA,Rough Skin,56,Non-legendary,4
445,700,108,170,120,115,95,92,dragon,ground,50,Sand Veil,NA,Rough Skin,95,Non-legendary,4
446,390,135,85,40,40,85,5,normal,NA,88.1,Pickup,Thick Fat,Gluttony,105,Non-legendary,4
447,285,40,70,35,40,40,60,fighting,NA,88.1,Steadfast,Inner Focus,Prankster,20.2,Non-legendary,4
448,625,70,145,140,88,70,112,fighting,steel,88.1,Steadfast,Inner Focus,Justified,54,Non-legendary,4
449,330,68,72,38,78,42,32,ground,NA,50,Sand Stream,NA,Sand Force,49.5,Non-legendary,4
450,525,108,112,68,118,72,47,ground,NA,50,Sand Stream,NA,Sand Force,300,Non-legendary,4
451,330,40,50,30,90,55,65,poison,bug,50,Battle Armor,Sniper,Keen Eye,12,Non-legendary,4
452,500,70,90,60,110,75,95,poison,dark,50,Battle Armor,Sniper,Keen Eye,61.5,Non-legendary,4
453,300,48,61,61,40,40,50,poison,fighting,50,Anticipation,Dry Skin,Poison Touch,23,Non-legendary,4
454,490,83,106,86,65,65,85,poison,fighting,50,Anticipation,Dry Skin,Poison Touch,44.4,Non-legendary,4
455,454,74,100,90,72,72,46,grass,NA,50,Levitate,NA,NA,27,Non-legendary,4
456,330,49,49,49,56,61,66,water,NA,50,Swift Swim,Storm Drain,Water Veil,7,Non-legendary,4
457,460,69,69,69,76,86,91,water,NA,50,Swift Swim,Storm Drain,Water Veil,24,Non-legendary,4
458,345,45,20,60,50,120,50,water,flying,50,Swift Swim,Water Absorb,Water Veil,65,Non-legendary,4
459,334,60,62,62,50,60,40,grass,ice,50,Snow Warning,NA,Soundproof,50.5,Non-legendary,4
460,594,90,132,132,105,105,30,grass,ice,50,Snow Warning,NA,Soundproof,135.5,Non-legendary,4
461,510,70,120,45,65,85,125,dark,ice,50,Pressure,NA,Pickpocket,34,Non-legendary,4
462,535,70,70,130,115,90,60,electric,steel,NA,Magnet Pull,Sturdy,Analytic,180,Non-legendary,4
463,515,110,85,80,95,95,50,normal,NA,50,Own Tempo,Oblivious,Cloud Nine,140,Non-legendary,4
464,535,115,140,55,130,55,40,ground,rock,50,Lightningrod,Solid Rock,Reckless,282.8,Non-legendary,4
465,535,100,100,110,125,50,50,grass,NA,50,Chlorophyll,Leaf Guard,Regenerator,128.6,Non-legendary,4
466,540,75,123,95,67,85,95,electric,NA,75.4,Motor Drive,NA,Vital Spirit,138.6,Non-legendary,4
467,540,75,95,125,67,95,83,fire,NA,75.4,Flame Body,NA,Vital Spirit,68,Non-legendary,4
468,545,85,50,120,95,115,80,fairy,flying,88.1,Hustle,Serene Grace,Super Luck,38,Non-legendary,4
469,515,86,76,116,86,56,95,bug,flying,50,Speed Boost,Tinted Lens,Frisk,51.5,Non-legendary,4
470,525,65,110,60,130,65,95,grass,NA,88.1,Leaf Guard,NA,Chlorophyll,25.5,Non-legendary,4
471,525,65,60,130,110,95,65,ice,NA,88.1,Snow Cloak,NA,Ice Body,25.9,Non-legendary,4
472,510,75,95,45,125,75,95,ground,flying,50,Hyper Cutter,Sand Veil,Poison Heal,42.5,Non-legendary,4
473,530,110,130,70,80,60,80,ice,ground,50,Oblivious,Snow Cloak,Thick Fat,291,Non-legendary,4
474,535,85,80,135,70,75,90,normal,NA,NA,Adaptability,Download,Analytic,34,Non-legendary,4
475,618,68,165,65,95,115,110,psychic,fighting,100,Steadfast,NA,Justified,52,Non-legendary,4
476,525,60,55,75,145,150,40,rock,steel,50,Sturdy,Magnet Pull,Sand Force,340,Non-legendary,4
477,525,45,100,65,135,135,45,ghost,NA,50,Pressure,NA,Frisk,106.6,Non-legendary,4
478,480,70,80,80,70,70,110,ice,ghost,0,Snow Cloak,NA,Cursed Body,26.6,Non-legendary,4
479,520,50,65,105,107,107,86,electric,ghost,NA,Levitate,NA,NA,0.3,Non-legendary,4
480,580,75,75,75,130,130,95,psychic,NA,NA,Levitate,NA,NA,0.3,Legendary,4
481,580,80,105,105,105,105,80,psychic,NA,NA,Levitate,NA,NA,0.3,Legendary,4
482,580,75,125,125,70,70,115,psychic,NA,NA,Levitate,NA,NA,0.3,Legendary,4
483,680,100,120,150,120,100,90,steel,dragon,NA,Pressure,NA,Telepathy,683,Legendary,4
484,680,90,120,150,100,120,100,water,dragon,NA,Pressure,NA,Telepathy,336,Legendary,4
485,600,91,90,130,106,106,77,fire,steel,50,Flash Fire,NA,Flame Body,430,Legendary,4
486,670,110,160,80,110,110,100,normal,NA,NA,Slow Start,NA,NA,420,Legendary,4
487,680,150,120,120,100,100,90,ghost,dragon,NA,Pressure,Telepathy,Levitate,750,Legendary,4
488,600,120,70,75,120,130,85,psychic,NA,0,Levitate,NA,NA,85.6,Legendary,4
489,480,80,80,80,80,80,80,water,NA,NA,Hydration,NA,NA,3.1,Non-legendary,4
490,600,100,100,100,100,100,100,water,NA,NA,Hydration,NA,NA,1.4,Legendary,4
491,600,70,90,135,90,90,125,dark,NA,NA,Bad Dreams,NA,NA,50.5,Legendary,4
492,600,100,103,120,75,75,127,grass,NA,NA,Natural Cure,NA,Serene Grace,2.1,Legendary,4
493,720,120,120,120,120,120,120,normal,NA,NA,Multitype,NA,NA,320,Legendary,4
494,600,100,100,100,100,100,100,psychic,fire,NA,Victory Star,NA,NA,4,Legendary,5
495,308,45,45,45,55,55,63,grass,NA,88.1,Overgrow,NA,Contrary,8.1,Non-legendary,5
496,413,60,60,60,75,75,83,grass,NA,88.1,Overgrow,NA,Contrary,16,Non-legendary,5
497,528,75,75,75,95,95,113,grass,NA,88.1,Overgrow,NA,Contrary,63,Non-legendary,5
498,308,65,63,45,45,45,45,fire,NA,88.1,Blaze,NA,Thick Fat,9.9,Non-legendary,5
499,418,90,93,70,55,55,55,fire,fighting,88.1,Blaze,NA,Thick Fat,55.5,Non-legendary,5
500,528,110,123,100,65,65,65,fire,fighting,88.1,Blaze,NA,Reckless,150,Non-legendary,5
501,308,55,55,63,45,45,45,water,NA,88.1,Torrent,NA,Shell Armor,5.9,Non-legendary,5
502,413,75,75,83,60,60,60,water,NA,88.1,Torrent,NA,Shell Armor,24.5,Non-legendary,5
503,528,95,100,108,85,70,70,water,NA,88.1,Torrent,NA,Shell Armor,94.6,Non-legendary,5
504,255,45,55,35,39,39,42,normal,NA,50,Run Away,Keen Eye,Analytic,11.6,Non-legendary,5
505,420,60,85,60,69,69,77,normal,NA,50,Illuminate,Keen Eye,Analytic,27,Non-legendary,5
506,275,45,60,25,45,45,55,normal,NA,50,Vital Spirit,Pickup,Run Away,4.1,Non-legendary,5
507,370,65,80,35,65,65,60,normal,NA,50,Intimidate,Sand Rush,Scrappy,14.7,Non-legendary,5
508,500,85,110,45,90,90,80,normal,NA,50,Intimidate,Sand Rush,Scrappy,61,Non-legendary,5
509,281,41,50,50,37,37,66,dark,NA,50,Limber,Unburden,Prankster,10.1,Non-legendary,5
510,446,64,88,88,50,50,106,dark,NA,50,Limber,Unburden,Prankster,37.5,Non-legendary,5
511,316,50,53,53,48,48,64,grass,NA,88.1,Gluttony,NA,Overgrow,10.5,Non-legendary,5
512,498,75,98,98,63,63,101,grass,NA,88.1,Gluttony,NA,Overgrow,30.5,Non-legendary,5
513,316,50,53,53,48,48,64,fire,NA,88.1,Gluttony,NA,Blaze,11,Non-legendary,5
514,498,75,98,98,63,63,101,fire,NA,88.1,Gluttony,NA,Blaze,28,Non-legendary,5
515,316,50,53,53,48,48,64,water,NA,88.1,Gluttony,NA,Torrent,13.5,Non-legendary,5
516,498,75,98,98,63,63,101,water,NA,88.1,Gluttony,NA,Torrent,29,Non-legendary,5
517,292,76,25,67,45,55,24,psychic,NA,50,Forewarn,Synchronize,Telepathy,23.3,Non-legendary,5
518,487,116,55,107,85,95,29,psychic,NA,50,Forewarn,Synchronize,Telepathy,60.5,Non-legendary,5
519,264,50,55,36,50,30,43,normal,flying,50,Big Pecks,Super Luck,Rivalry,2.1,Non-legendary,5
520,358,62,77,50,62,42,65,normal,flying,50,Big Pecks,Super Luck,Rivalry,15,Non-legendary,5
521,488,80,115,65,80,55,93,normal,flying,50,Big Pecks,Super Luck,Rivalry,29,Non-legendary,5
522,295,45,60,50,32,32,76,electric,NA,50,Lightningrod,Motor Drive,Sap Sipper,29.8,Non-legendary,5
523,497,75,100,80,63,63,116,electric,NA,50,Lightningrod,Motor Drive,Sap Sipper,79.5,Non-legendary,5
524,280,55,75,25,85,25,15,rock,NA,50,Sturdy,Weak Armor,Sand Force,18,Non-legendary,5
525,390,70,105,50,105,40,20,rock,NA,50,Sturdy,Weak Armor,Sand Force,102,Non-legendary,5
526,515,85,135,60,130,80,25,rock,NA,50,Sturdy,Sand Stream,Sand Force,260,Non-legendary,5
527,323,65,45,55,43,43,72,psychic,flying,50,Unaware,Klutz,Simple,2.1,Non-legendary,5
528,425,67,57,77,55,55,114,psychic,flying,50,Unaware,Klutz,Simple,10.5,Non-legendary,5
529,328,60,85,30,40,45,68,ground,NA,50,Sand Rush,Sand Force,Mold Breaker,8.5,Non-legendary,5
530,508,110,135,50,60,65,88,ground,steel,50,Sand Rush,Sand Force,Mold Breaker,40.4,Non-legendary,5
531,545,103,60,80,126,126,50,normal,NA,50,Healer,Regenerator,Klutz,31,Non-legendary,5
532,305,75,80,25,55,35,35,fighting,NA,75.4,Guts,Sheer Force,Iron Fist,12.5,Non-legendary,5
533,405,85,105,40,85,50,40,fighting,NA,75.4,Guts,Sheer Force,Iron Fist,40,Non-legendary,5
534,505,105,140,55,95,65,45,fighting,NA,75.4,Guts,Sheer Force,Iron Fist,87,Non-legendary,5
535,294,50,50,50,40,40,64,water,NA,50,Swift Swim,Hydration,Water Absorb,4.5,Non-legendary,5
536,384,75,65,65,55,55,69,water,ground,50,Swift Swim,Hydration,Water Absorb,17,Non-legendary,5
537,509,105,95,85,75,75,74,water,ground,50,Swift Swim,Poison Touch,Water Absorb,62,Non-legendary,5
538,465,120,100,30,85,85,45,fighting,NA,100,Guts,Inner Focus,Mold Breaker,55.5,Non-legendary,5
539,465,75,125,30,75,75,85,fighting,NA,100,Sturdy,Inner Focus,Mold Breaker,51,Non-legendary,5
540,310,45,53,40,70,60,42,bug,grass,50,Swarm,Chlorophyll,Overcoat,2.5,Non-legendary,5
541,380,55,63,50,90,80,42,bug,grass,50,Leaf Guard,Chlorophyll,Overcoat,7.3,Non-legendary,5
542,500,75,103,70,80,80,92,bug,grass,50,Swarm,Chlorophyll,Overcoat,20.5,Non-legendary,5
543,260,30,45,30,59,39,57,bug,poison,50,Poison Point,Swarm,Speed Boost,5.3,Non-legendary,5
544,360,40,55,40,99,79,47,bug,poison,50,Poison Point,Swarm,Speed Boost,58.5,Non-legendary,5
545,485,60,100,55,89,69,112,bug,poison,50,Poison Point,Swarm,Speed Boost,200.5,Non-legendary,5
546,280,40,27,37,60,50,66,grass,fairy,50,Prankster,Infiltrator,Chlorophyll,0.6,Non-legendary,5
547,480,60,67,77,85,75,116,grass,fairy,50,Prankster,Infiltrator,Chlorophyll,6.6,Non-legendary,5
548,280,45,35,70,50,50,30,grass,NA,0,Chlorophyll,Own Tempo,Leaf Guard,6.6,Non-legendary,5
549,480,70,60,110,75,75,90,grass,NA,0,Chlorophyll,Own Tempo,Leaf Guard,16.3,Non-legendary,5
550,460,70,92,80,65,55,98,water,NA,50,Reckless,Adaptability,Mold Breaker,18,Non-legendary,5
551,292,50,72,35,35,35,65,ground,dark,50,Intimidate,Moxie,Anger Point,15.2,Non-legendary,5
552,351,60,82,45,45,45,74,ground,dark,50,Intimidate,Moxie,Anger Point,33.4,Non-legendary,5
553,519,95,117,65,80,70,92,ground,dark,50,Intimidate,Moxie,Anger Point,96.3,Non-legendary,5
554,315,70,90,15,45,45,50,fire,NA,50,Hustle,NA,Inner Focus,37.5,Non-legendary,5
555,540,105,30,140,105,105,55,fire,NA,50,Sheer Force,NA,Zen Mode,92.9,Non-legendary,5
556,461,75,86,106,67,67,60,grass,NA,50,Water Absorb,Chlorophyll,Storm Drain,28,Non-legendary,5
557,325,50,65,35,85,35,55,bug,rock,50,Sturdy,Shell Armor,Weak Armor,14.5,Non-legendary,5
558,485,70,105,65,125,75,45,bug,rock,50,Sturdy,Shell Armor,Weak Armor,200,Non-legendary,5
559,348,50,75,35,70,70,48,dark,fighting,50,Shed Skin,Moxie,Intimidate,11.8,Non-legendary,5
560,488,65,90,45,115,115,58,dark,fighting,50,Shed Skin,Moxie,Intimidate,30,Non-legendary,5
561,490,72,58,103,80,80,97,psychic,flying,50,Wonder Skin,Magic Guard,Tinted Lens,14,Non-legendary,5
562,303,38,30,55,85,65,30,ghost,NA,50,Mummy,NA,NA,1.5,Non-legendary,5
563,483,58,50,95,145,105,30,ghost,NA,50,Mummy,NA,NA,76.5,Non-legendary,5
564,355,54,78,53,103,45,22,water,rock,88.1,Solid Rock,Sturdy,Swift Swim,16.5,Non-legendary,5
565,495,74,108,83,133,65,32,water,rock,88.1,Solid Rock,Sturdy,Swift Swim,81,Non-legendary,5
566,401,55,112,74,45,45,70,rock,flying,88.1,Defeatist,NA,NA,9.5,Non-legendary,5
567,567,75,140,112,65,65,110,rock,flying,88.1,Defeatist,NA,NA,32,Non-legendary,5
568,329,50,50,40,62,62,65,poison,NA,50,Stench,Sticky Hold,Aftermath,31,Non-legendary,5
569,474,80,95,60,82,82,75,poison,NA,50,Stench,Weak Armor,Aftermath,107.3,Non-legendary,5
570,330,40,65,80,40,40,65,dark,NA,88.1,Illusion,NA,NA,12.5,Non-legendary,5
571,510,60,105,120,60,60,105,dark,NA,88.1,Illusion,NA,NA,81.1,Non-legendary,5
572,300,55,50,40,40,40,75,normal,NA,24.6,Cute Charm,Technician,Skill Link,5.8,Non-legendary,5
573,470,75,95,65,60,60,115,normal,NA,24.6,Cute Charm,Technician,Skill Link,7.5,Non-legendary,5
574,290,45,30,55,50,65,45,psychic,NA,24.6,Frisk,Competitive,Shadow Tag,5.8,Non-legendary,5
575,390,60,45,75,70,85,55,psychic,NA,24.6,Frisk,Competitive,Shadow Tag,18,Non-legendary,5
576,490,70,55,95,95,110,65,psychic,NA,24.6,Frisk,Competitive,Shadow Tag,44,Non-legendary,5
577,290,45,30,105,40,50,20,psychic,NA,50,Overcoat,Magic Guard,Regenerator,1,Non-legendary,5
578,370,65,40,125,50,60,30,psychic,NA,50,Overcoat,Magic Guard,Regenerator,8,Non-legendary,5
579,490,110,65,125,75,85,30,psychic,NA,50,Overcoat,Magic Guard,Regenerator,20.1,Non-legendary,5
580,305,62,44,44,50,50,55,water,flying,50,Keen Eye,Big Pecks,Hydration,5.5,Non-legendary,5
581,473,75,87,87,63,63,98,water,flying,50,Keen Eye,Big Pecks,Hydration,24.2,Non-legendary,5
582,305,36,50,65,50,60,44,ice,NA,50,Ice Body,Snow Cloak,Weak Armor,5.7,Non-legendary,5
583,395,51,65,80,65,75,59,ice,NA,50,Ice Body,Snow Cloak,Weak Armor,41,Non-legendary,5
584,535,71,95,110,85,95,79,ice,NA,50,Ice Body,Snow Warning,Weak Armor,57.5,Non-legendary,5
585,335,60,60,40,50,50,75,normal,grass,50,Chlorophyll,Sap Sipper,Serene Grace,19.5,Non-legendary,5
586,475,80,100,60,70,70,95,normal,grass,50,Chlorophyll,Sap Sipper,Serene Grace,92.5,Non-legendary,5
587,428,55,75,75,60,60,103,electric,flying,50,Static,NA,Motor Drive,5,Non-legendary,5
588,315,50,75,40,45,45,60,bug,NA,50,Swarm,Shed Skin,No Guard,5.9,Non-legendary,5
589,495,70,135,60,105,105,20,bug,steel,50,Swarm,Shell Armor,Overcoat,33,Non-legendary,5
590,294,69,55,55,45,55,15,grass,poison,50,Effect Spore,NA,Regenerator,1,Non-legendary,5
591,464,114,85,85,70,80,30,grass,poison,50,Effect Spore,NA,Regenerator,10.5,Non-legendary,5
592,335,55,40,65,50,85,40,water,ghost,50,Water Absorb,Cursed Body,Damp,33,Non-legendary,5
593,480,100,60,85,70,105,60,water,ghost,50,Water Absorb,Cursed Body,Damp,135,Non-legendary,5
594,470,165,75,40,80,45,65,water,NA,50,Healer,Hydration,Regenerator,31.6,Non-legendary,5
595,319,50,47,57,50,50,65,bug,electric,50,Compoundeyes,Unnerve,Swarm,0.6,Non-legendary,5
596,472,70,77,97,60,60,108,bug,electric,50,Compoundeyes,Unnerve,Swarm,14.3,Non-legendary,5
597,305,44,50,24,91,86,10,grass,steel,50,Iron Barbs,NA,NA,18.8,Non-legendary,5
598,489,74,94,54,131,116,20,grass,steel,50,Iron Barbs,NA,Anticipation,110,Non-legendary,5
599,300,40,55,45,70,60,30,steel,NA,NA,Plus,Minus,Clear Body,21,Non-legendary,5
600,440,60,80,70,95,85,50,steel,NA,NA,Plus,Minus,Clear Body,51,Non-legendary,5
601,520,60,100,70,115,85,90,steel,NA,NA,Plus,Minus,Clear Body,81,Non-legendary,5
602,275,35,55,45,40,40,60,electric,NA,50,Levitate,NA,NA,0.3,Non-legendary,5
603,405,65,85,75,70,70,40,electric,NA,50,Levitate,NA,NA,22,Non-legendary,5
604,515,85,115,105,80,80,50,electric,NA,50,Levitate,NA,NA,80.5,Non-legendary,5
605,335,55,55,85,55,55,30,psychic,NA,50,Telepathy,Synchronize,Analytic,9,Non-legendary,5
606,485,75,75,125,75,95,40,psychic,NA,50,Telepathy,Synchronize,Analytic,34.5,Non-legendary,5
607,275,50,30,65,55,55,20,ghost,fire,50,Flash Fire,Flame Body,Infiltrator,3.1,Non-legendary,5
608,370,60,40,95,60,60,55,ghost,fire,50,Flash Fire,Flame Body,Infiltrator,13,Non-legendary,5
609,520,60,55,145,90,90,80,ghost,fire,50,Flash Fire,Flame Body,Infiltrator,34.3,Non-legendary,5
610,320,46,87,30,60,40,57,dragon,NA,50,Rivalry,Mold Breaker,Unnerve,18,Non-legendary,5
611,410,66,117,40,70,50,67,dragon,NA,50,Rivalry,Mold Breaker,Unnerve,36,Non-legendary,5
612,540,76,147,60,90,70,97,dragon,NA,50,Rivalry,Mold Breaker,Unnerve,105.5,Non-legendary,5
613,305,55,70,60,40,40,40,ice,NA,50,Snow Cloak,Slush Rush,Rattled,8.5,Non-legendary,5
614,505,95,130,70,80,80,50,ice,NA,50,Snow Cloak,Slush Rush,Swift Swim,260,Non-legendary,5
615,515,80,50,95,50,135,105,ice,NA,NA,Levitate,NA,NA,148,Non-legendary,5
616,305,50,40,40,85,65,25,bug,NA,50,Hydration,Shell Armor,Overcoat,7.7,Non-legendary,5
617,495,80,70,100,40,60,145,bug,NA,50,Hydration,Sticky Hold,Unburden,25.3,Non-legendary,5
618,471,109,66,81,84,99,32,ground,electric,50,Static,Limber,Sand Veil,11,Non-legendary,5
619,350,45,85,55,50,50,65,fighting,NA,50,Inner Focus,Regenerator,Reckless,20,Non-legendary,5
620,510,65,125,95,60,60,105,fighting,NA,50,Inner Focus,Regenerator,Reckless,35.5,Non-legendary,5
621,485,77,120,60,90,90,48,dragon,NA,50,Rough Skin,Sheer Force,Mold Breaker,139,Non-legendary,5
622,303,59,74,35,50,50,35,ground,ghost,NA,Iron Fist,Klutz,No Guard,92,Non-legendary,5
623,483,89,124,55,80,80,55,ground,ghost,NA,Iron Fist,Klutz,No Guard,330,Non-legendary,5
624,340,45,85,40,70,40,60,dark,steel,50,Defiant,Inner Focus,Pressure,10.2,Non-legendary,5
625,490,65,125,60,100,70,70,dark,steel,50,Defiant,Inner Focus,Pressure,70,Non-legendary,5
626,490,95,110,40,95,95,55,normal,NA,50,Reckless,Sap Sipper,Soundproof,94.6,Non-legendary,5
627,350,70,83,37,50,50,60,normal,flying,100,Keen Eye,Sheer Force,Hustle,10.5,Non-legendary,5
628,510,100,123,57,75,75,80,normal,flying,100,Keen Eye,Sheer Force,Defiant,41,Non-legendary,5
629,370,70,55,45,75,65,60,dark,flying,0,Big Pecks,Overcoat,Weak Armor,9,Non-legendary,5
630,510,110,65,55,105,95,80,dark,flying,0,Big Pecks,Overcoat,Weak Armor,39.5,Non-legendary,5
631,484,85,97,105,66,66,65,fire,NA,50,Gluttony,Flash Fire,White Smoke,58,Non-legendary,5
632,484,58,109,48,112,48,109,bug,steel,50,Swarm,Hustle,Truant,33,Non-legendary,5
633,300,52,65,45,50,50,38,dark,dragon,50,Hustle,NA,NA,17.3,Non-legendary,5
634,420,72,85,65,70,70,58,dark,dragon,50,Hustle,NA,NA,50,Non-legendary,5
635,600,92,105,125,90,90,98,dark,dragon,50,Levitate,NA,NA,160,Non-legendary,5
636,360,55,85,50,55,55,60,bug,fire,50,Flame Body,NA,Swarm,28.8,Non-legendary,5
637,550,85,60,135,65,105,100,bug,fire,50,Flame Body,NA,Swarm,46,Non-legendary,5
638,580,91,90,90,129,72,108,steel,fighting,NA,Justified,NA,NA,250,Legendary,5
639,580,91,129,72,90,90,108,rock,fighting,NA,Justified,NA,NA,260,Legendary,5
640,580,91,90,90,72,129,108,grass,fighting,NA,Justified,NA,NA,200,Legendary,5
641,580,79,100,110,80,90,121,flying,NA,100,Prankster,Defiant,Regenerator,63,Legendary,5
642,580,79,105,145,70,80,101,electric,flying,100,Prankster,Defiant,Volt Absorb,61,Legendary,5
643,680,100,120,150,100,120,90,dragon,fire,NA,Turboblaze,NA,NA,330,Legendary,5
644,680,100,150,120,120,100,90,dragon,electric,NA,Teravolt,NA,NA,345,Legendary,5
645,600,89,145,105,90,80,91,ground,flying,100,Sand Force,Sheer Force,Intimidate,68,Legendary,5
646,700,125,120,170,90,100,95,dragon,ice,NA,Pressure,Teravolt,Turboblaze,325,Legendary,5
647,580,91,72,129,90,90,108,water,fighting,NA,Justified,NA,NA,48.5,Legendary,5
648,600,100,128,77,90,77,128,normal,psychic,NA,Serene Grace,NA,NA,6.5,Legendary,5
649,600,71,120,120,95,95,99,bug,steel,NA,Download,NA,NA,82.5,Legendary,5
650,313,56,61,48,65,45,38,grass,NA,88.1,Overgrow,NA,Bulletproof,9,Non-legendary,6
651,405,61,78,56,95,58,57,grass,NA,88.1,Overgrow,NA,Bulletproof,29,Non-legendary,6
652,530,88,107,74,122,75,64,grass,fighting,88.1,Overgrow,NA,Bulletproof,90,Non-legendary,6
653,307,40,45,62,40,60,60,fire,NA,88.1,Blaze,NA,Magician,9.4,Non-legendary,6
654,409,59,59,90,58,70,73,fire,NA,88.1,Blaze,NA,Magician,14.5,Non-legendary,6
655,534,75,69,114,72,100,104,fire,psychic,88.1,Blaze,NA,Magician,39,Non-legendary,6
656,314,41,56,62,40,44,71,water,NA,88.1,Torrent,NA,Protean,7,Non-legendary,6
657,405,54,63,83,52,56,97,water,NA,88.1,Torrent,NA,Protean,10.9,Non-legendary,6
658,640,72,145,153,67,71,132,water,dark,88.1,Torrent,Protean,Battle Bond,40,Non-legendary,6
659,237,38,36,32,38,36,57,normal,NA,50,Pickup,Cheek Pouch,Huge Power,5,Non-legendary,6
660,423,85,56,50,77,77,78,normal,ground,50,Pickup,Cheek Pouch,Huge Power,42.4,Non-legendary,6
661,278,45,50,40,43,38,62,normal,flying,50,Big Pecks,NA,Gale Wings,1.7,Non-legendary,6
662,382,62,73,56,55,52,84,fire,flying,50,Flame Body,NA,Gale Wings,16,Non-legendary,6
663,499,78,81,74,71,69,126,fire,flying,50,Flame Body,NA,Gale Wings,24.5,Non-legendary,6
664,200,38,35,27,40,25,35,bug,NA,50,Shield Dust,Compoundeyes,Friend Guard,2.5,Non-legendary,6
665,213,45,22,27,60,30,29,bug,NA,50,Shed Skin,NA,Friend Guard,8.4,Non-legendary,6
666,411,80,52,90,50,50,89,bug,flying,50,Shield Dust,Compoundeyes,Friend Guard,17,Non-legendary,6
667,369,62,50,73,58,54,72,fire,normal,11.2,Rivalry,Unnerve,Moxie,13.5,Non-legendary,6
668,507,86,68,109,72,66,106,fire,normal,11.2,Rivalry,Unnerve,Moxie,81.5,Non-legendary,6
669,303,44,38,61,39,79,42,fairy,NA,0,Flower Veil,NA,Symbiosis,0.1,Non-legendary,6
670,551,74,65,125,67,128,92,fairy,NA,0,Flower Veil,NA,Symbiosis,0.9,Non-legendary,6
671,552,78,65,112,68,154,75,fairy,NA,0,Flower Veil,NA,Symbiosis,10,Non-legendary,6
672,350,66,65,62,48,57,52,grass,NA,50,Sap Sipper,NA,Grass Pelt,31,Non-legendary,6
673,531,123,100,97,62,81,68,grass,NA,50,Sap Sipper,NA,Grass Pelt,91,Non-legendary,6
674,348,67,82,46,62,48,43,fighting,NA,50,Iron Fist,Mold Breaker,Scrappy,8,Non-legendary,6
675,495,95,124,69,78,71,58,fighting,dark,50,Iron Fist,Mold Breaker,Scrappy,136,Non-legendary,6
676,472,75,80,65,60,90,102,normal,NA,50,Fur Coat,NA,NA,28,Non-legendary,6
677,355,62,48,63,54,60,68,psychic,NA,50,Keen Eye,Infiltrator,Own Tempo,3.5,Non-legendary,6
678,466,74,48,83,76,81,104,psychic,NA,50,Keen Eye,Infiltrator,Prankster,8.5,Non-legendary,6
679,325,45,80,35,100,37,28,steel,ghost,50,No Guard,NA,NA,2,Non-legendary,6
680,448,59,110,45,150,49,35,steel,ghost,50,No Guard,NA,NA,4.5,Non-legendary,6
681,520,60,150,150,50,50,60,steel,ghost,50,Stance Change,NA,NA,53,Non-legendary,6
682,341,78,52,63,60,65,23,fairy,NA,50,Healer,NA,Aroma Veil,0.5,Non-legendary,6
683,462,101,72,99,72,89,29,fairy,NA,50,Healer,NA,Aroma Veil,15.5,Non-legendary,6
684,341,62,48,59,66,57,49,fairy,NA,50,Sweet Veil,NA,Unburden,3.5,Non-legendary,6
685,480,82,80,85,86,75,72,fairy,NA,50,Sweet Veil,NA,Unburden,5,Non-legendary,6
686,288,53,54,37,53,46,45,dark,psychic,50,Contrary,Suction Cups,Infiltrator,3.5,Non-legendary,6
687,482,86,92,68,88,75,73,dark,psychic,50,Contrary,Suction Cups,Infiltrator,47,Non-legendary,6
688,306,42,52,39,67,56,50,rock,water,50,Tough Claws,Sniper,Pickpocket,31,Non-legendary,6
689,500,72,105,54,115,86,68,rock,water,50,Tough Claws,Sniper,Pickpocket,96,Non-legendary,6
690,320,50,60,60,60,60,30,poison,water,50,Poison Point,Poison Touch,Adaptability,7.3,Non-legendary,6
691,494,65,75,97,90,123,44,poison,dragon,50,Poison Point,Poison Touch,Adaptability,81.5,Non-legendary,6
692,330,50,53,58,62,63,44,water,NA,50,Mega Launcher,NA,NA,8.3,Non-legendary,6
693,500,71,73,120,88,89,59,water,NA,50,Mega Launcher,NA,NA,35.3,Non-legendary,6
694,289,44,38,61,33,43,70,electric,normal,50,Dry Skin,Sand Veil,Solar Power,6,Non-legendary,6
695,481,62,55,109,52,94,109,electric,normal,50,Dry Skin,Sand Veil,Solar Power,21,Non-legendary,6
696,362,58,89,45,77,45,48,rock,dragon,88.1,Strong Jaw,NA,Sturdy,26,Non-legendary,6
697,521,82,121,69,119,59,71,rock,dragon,88.1,Strong Jaw,NA,Rock Head,270,Non-legendary,6
698,362,77,59,67,50,63,46,rock,ice,88.1,Refrigerate,NA,Snow Warning,25.2,Non-legendary,6
699,521,123,77,99,72,92,58,rock,ice,88.1,Refrigerate,NA,Snow Warning,225,Non-legendary,6
700,525,95,65,110,65,130,60,fairy,NA,88.1,Cute Charm,NA,Pixilate,23.5,Non-legendary,6
701,500,78,92,74,75,63,118,fighting,flying,50,Limber,Unburden,Mold Breaker,21.5,Non-legendary,6
702,431,67,58,81,57,67,101,electric,fairy,50,Cheek Pouch,Pickup,Plus,2.2,Non-legendary,6
703,500,50,50,50,150,150,50,rock,fairy,NA,Clear Body,NA,Sturdy,5.7,Non-legendary,6
704,300,45,50,55,35,75,40,dragon,NA,50,Sap Sipper,Hydration,Gooey,2.8,Non-legendary,6
705,452,68,75,83,53,113,60,dragon,NA,50,Sap Sipper,Hydration,Gooey,17.5,Non-legendary,6
706,600,90,100,110,70,150,80,dragon,NA,50,Sap Sipper,Hydration,Gooey,150.5,Non-legendary,6
707,470,57,80,80,91,87,75,steel,fairy,50,Prankster,NA,Magician,3,Non-legendary,6
708,309,43,70,50,48,60,38,ghost,grass,50,Natural Cure,Frisk,Harvest,7,Non-legendary,6
709,474,85,110,65,76,82,56,ghost,grass,50,Natural Cure,Frisk,Harvest,71,Non-legendary,6
710,335,59,66,44,70,55,41,ghost,grass,50,Pickup,Frisk,Insomnia,15,Non-legendary,6
711,494,85,100,58,122,75,54,ghost,grass,50,Pickup,Frisk,Insomnia,39,Non-legendary,6
712,304,55,69,32,85,35,28,ice,NA,50,Own Tempo,Ice Body,Sturdy,99.5,Non-legendary,6
713,514,95,117,44,184,46,28,ice,NA,50,Own Tempo,Ice Body,Sturdy,505,Non-legendary,6
714,245,40,30,45,35,40,55,flying,dragon,50,Frisk,Infiltrator,Telepathy,8,Non-legendary,6
715,535,85,70,97,80,80,123,flying,dragon,50,Frisk,Infiltrator,Telepathy,85,Non-legendary,6
716,680,126,131,131,95,98,99,fairy,NA,NA,Fairy Aura,NA,NA,215,Legendary,6
717,680,126,131,131,95,98,99,dark,flying,NA,Dark Aura,NA,NA,203,Legendary,6
718,708,216,100,91,121,95,85,dragon,ground,NA,Aura Break,NA,Power Construct,284.6,Legendary,6
719,700,50,160,160,110,110,110,rock,fairy,NA,Clear Body,NA,NA,8.8,Legendary,6
720,680,80,160,170,60,130,80,psychic,ghost,NA,Magician,NA,NA,NA,Legendary,6
721,600,80,110,130,120,90,70,fire,water,NA,Water Absorb,NA,NA,195,Legendary,6
722,320,68,55,50,55,50,42,grass,flying,88.1,Overgrow,NA,Long Reach,1.5,Non-legendary,7
723,420,78,75,70,75,70,52,grass,flying,88.1,Overgrow,NA,Long Reach,16,Non-legendary,7
724,530,78,107,100,75,100,70,grass,ghost,88.1,Overgrow,NA,Long Reach,36.6,Non-legendary,7
725,320,45,65,60,40,40,70,fire,NA,88.1,Blaze,NA,Intimidate,4.3,Non-legendary,7
726,420,65,85,80,50,50,90,fire,NA,88.1,Blaze,NA,Intimidate,25,Non-legendary,7
727,530,95,115,80,90,90,60,fire,dark,88.1,Blaze,NA,Intimidate,83,Non-legendary,7
728,320,50,54,66,54,56,40,water,NA,88.1,Torrent,NA,Liquid Voice,7.5,Non-legendary,7
729,420,60,69,91,69,81,50,water,NA,88.1,Torrent,NA,Liquid Voice,17.5,Non-legendary,7
730,530,80,74,126,74,116,60,water,fairy,88.1,Torrent,NA,Liquid Voice,44,Non-legendary,7
731,265,35,75,30,30,30,65,normal,flying,50,Keen Eye,Skill Link,Pickup,1.2,Non-legendary,7
732,355,55,85,40,50,50,75,normal,flying,50,Keen Eye,Skill Link,Pickup,14.8,Non-legendary,7
733,485,80,120,75,75,75,60,normal,flying,50,Keen Eye,Skill Link,Sheer Force,26,Non-legendary,7
734,253,48,70,30,30,30,45,normal,NA,50,Stakeout,Strong Jaw,Adaptability,6,Non-legendary,7
735,418,88,110,55,60,60,45,normal,NA,50,Stakeout,Strong Jaw,Adaptability,14.2,Non-legendary,7
736,300,47,62,55,45,45,46,bug,NA,50,Swarm,NA,NA,4.4,Non-legendary,7
737,400,57,82,55,95,75,36,bug,electric,50,Battery,NA,NA,10.5,Non-legendary,7
738,500,77,70,145,90,75,43,bug,electric,50,Levitate,NA,NA,45,Non-legendary,7
739,338,47,82,42,57,47,63,fighting,NA,50,Hyper Cutter,Iron Fist,Anger Point,7,Non-legendary,7
740,478,97,132,62,77,67,43,fighting,ice,50,Hyper Cutter,Iron Fist,Anger Point,180,Non-legendary,7
741,476,75,70,98,70,70,93,fire,flying,24.6,Dancer,NA,NA,3.4,Non-legendary,7
742,304,40,45,55,40,40,84,bug,fairy,50,Honey Gather,Shield Dust,Sweet Veil,0.2,Non-legendary,7
743,464,60,55,95,60,70,124,bug,fairy,50,Honey Gather,Shield Dust,Sweet Veil,0.5,Non-legendary,7
744,280,45,65,30,40,40,60,rock,NA,50,Keen Eye,Vital Spirit,Steadfast,9.2,Non-legendary,7
745,487,85,115,55,75,75,82,rock,NA,50,Keen Eye,Sand Rush,Steadfast,NA,Non-legendary,7
746,620,45,140,140,130,135,30,water,NA,50,Schooling,NA,NA,0.3,Non-legendary,7
747,305,50,53,43,62,52,45,poison,water,50,Merciless,Limber,Regenerator,8,Non-legendary,7
748,495,50,63,53,152,142,35,poison,water,50,Merciless,Limber,Regenerator,14.5,Non-legendary,7
749,385,70,100,45,70,55,45,ground,NA,50,Own Tempo,Stamina,Inner Focus,110,Non-legendary,7
750,500,100,125,55,100,85,35,ground,NA,50,Own Tempo,Stamina,Inner Focus,920,Non-legendary,7
751,269,38,40,40,52,72,27,water,bug,50,Water Bubble,NA,Water Absorb,4,Non-legendary,7
752,454,68,70,50,92,132,42,water,bug,50,Water Bubble,NA,Water Absorb,82,Non-legendary,7
753,250,40,55,50,35,35,35,grass,NA,50,Leaf Guard,NA,Contrary,1.5,Non-legendary,7
754,480,70,105,80,90,90,45,grass,NA,50,Leaf Guard,NA,Contrary,18.5,Non-legendary,7
755,285,40,35,65,55,75,15,grass,fairy,50,Illuminate,Effect Spore,Rain Dish,1.5,Non-legendary,7
756,405,60,45,90,80,100,30,grass,fairy,50,Illuminate,Effect Spore,Rain Dish,11.5,Non-legendary,7
757,320,48,44,71,40,40,77,poison,fire,88.1,Corrosion,NA,Oblivious,4.8,Non-legendary,7
758,480,68,64,111,60,60,117,poison,fire,0,Corrosion,NA,Oblivious,22.2,Non-legendary,7
759,340,70,75,45,50,50,50,normal,fighting,50,Fluffy,Klutz,Cute Charm,6.8,Non-legendary,7
760,500,120,125,55,80,60,60,normal,fighting,50,Fluffy,Klutz,Unnerve,135,Non-legendary,7
761,210,42,30,30,38,38,32,grass,NA,0,Leaf Guard,Oblivious,Sweet Veil,3.2,Non-legendary,7
762,290,52,40,40,48,48,62,grass,NA,0,Leaf Guard,Oblivious,Sweet Veil,8.2,Non-legendary,7
763,510,72,120,50,98,98,72,grass,NA,0,Leaf Guard,Queenly Majesty,Sweet Veil,21.4,Non-legendary,7
764,485,51,52,82,90,110,100,fairy,NA,24.6,Flower Veil,Triage,Natural Cure,0.3,Non-legendary,7
765,490,90,60,90,80,110,60,normal,psychic,50,Inner Focus,Telepathy,Symbiosis,76,Non-legendary,7
766,490,100,120,40,90,60,80,fighting,NA,50,Receiver,NA,Defiant,82.8,Non-legendary,7
767,230,25,35,20,40,30,80,bug,water,50,Wimp Out,NA,NA,12,Non-legendary,7
768,530,75,125,60,140,90,40,bug,water,50,Emergency Exit,NA,NA,108,Non-legendary,7
769,320,55,55,70,80,45,15,ghost,ground,50,Water Compaction,NA,Sand Veil,70,Non-legendary,7
770,480,85,75,100,110,75,35,ghost,ground,50,Water Compaction,NA,Sand Veil,250,Non-legendary,7
771,410,55,60,30,130,130,5,water,NA,50,Innards Out,NA,Unaware,1.2,Non-legendary,7
772,534,95,95,95,95,95,59,normal,NA,NA,Battle Armor,NA,NA,120.5,Non-legendary,7
773,570,95,95,95,95,95,95,normal,NA,NA,RKS System,NA,NA,100.5,Non-legendary,7
774,500,60,100,100,60,60,120,rock,flying,NA,Shields Down,NA,NA,40,Non-legendary,7
775,480,65,115,75,65,95,65,normal,NA,50,Comatose,NA,NA,19.9,Non-legendary,7
776,485,60,78,91,135,85,36,fire,dragon,50,Shell Armor,NA,NA,212,Non-legendary,7
777,435,65,98,40,63,73,96,electric,steel,50,Iron Barbs,Lightningrod,Sturdy,3.3,Non-legendary,7
778,476,55,90,50,80,105,96,ghost,fairy,50,Disguise,NA,NA,0.7,Non-legendary,7
779,475,68,105,70,70,70,92,water,psychic,50,Dazzling,Strong Jaw,Wonder Skin,19,Non-legendary,7
780,485,78,60,135,85,91,36,normal,dragon,50,Berserk,Sap Sipper,Cloud Nine,185,Non-legendary,7
781,517,70,131,86,100,90,40,ghost,grass,NA,Steelworker,NA,NA,210,Non-legendary,7
782,300,45,55,45,65,45,45,dragon,NA,50,Bulletproof,Soundproof,Overcoat,29.7,Non-legendary,7
783,420,55,75,65,90,70,65,dragon,fighting,50,Bulletproof,Soundproof,Overcoat,47,Non-legendary,7
784,600,75,110,100,125,105,85,dragon,fighting,50,Bulletproof,Soundproof,Overcoat,78.2,Non-legendary,7
785,570,70,115,95,85,75,130,electric,fairy,NA,Electric Surge,NA,Telepathy,20.5,Legendary,7
786,570,70,85,130,75,115,95,psychic,fairy,NA,Psychic Surge,NA,Telepathy,18.6,Legendary,7
787,570,70,130,85,115,95,75,grass,fairy,NA,Grassy Surge,NA,Telepathy,45.5,Legendary,7
788,570,70,75,95,115,130,85,water,fairy,NA,Misty Surge,NA,Telepathy,21.2,Legendary,7
789,200,43,29,29,31,31,37,psychic,NA,NA,Unaware,NA,NA,0.1,Legendary,7
790,400,43,29,29,131,131,37,psychic,NA,NA,Sturdy,NA,NA,999.9,Legendary,7
791,680,137,137,113,107,89,97,psychic,steel,NA,Full Metal Body,NA,NA,230,Legendary,7
792,680,137,113,137,89,107,97,psychic,ghost,NA,Shadow Shield,NA,NA,120,Legendary,7
793,570,109,53,127,47,131,103,rock,poison,NA,Beast Boost,NA,NA,55.5,Legendary,7
794,570,107,139,53,139,53,79,bug,fighting,NA,Beast Boost,NA,NA,333.6,Legendary,7
795,570,71,137,137,37,37,151,bug,fighting,NA,Beast Boost,NA,NA,25,Legendary,7
796,570,83,89,173,71,71,83,electric,NA,NA,Beast Boost,NA,NA,100,Legendary,7
797,570,97,101,107,103,101,61,steel,flying,NA,Beast Boost,NA,NA,999.9,Legendary,7
798,570,59,181,59,131,31,109,grass,steel,NA,Beast Boost,NA,NA,0.1,Legendary,7
799,570,223,101,97,53,53,43,dark,dragon,NA,Beast Boost,NA,NA,888,Legendary,7
800,600,97,107,127,101,89,79,psychic,NA,NA,Prism Armor,NA,NA,230,Legendary,7
801,600,80,95,130,115,115,65,steel,fairy,NA,Soul-Heart,NA,NA,80.5,Legendary,7
